-- Generated by Craft v2.4.2669 on Jun 9, 2015, 3:04:09 AM.

--
-- Disable foreign key checks and autocommit.
--

SET FOREIGN_KEY_CHECKS = 0;
SET SQL_MODE = "NO_AUTO_VALUE_ON_ZERO";
SET AUTOCOMMIT = 0;
SET NAMES utf8;


DROP TABLE IF EXISTS `cft_assetfiles`;


--
-- Schema for table `cft_assetfiles`
--
CREATE TABLE `cft_assetfiles` (
  `id` int(11) NOT NULL,
  `sourceId` int(11) DEFAULT NULL,
  `folderId` int(11) NOT NULL,
  `filename` varchar(255) COLLATE utf8_unicode_ci NOT NULL,
  `kind` varchar(50) COLLATE utf8_unicode_ci NOT NULL DEFAULT 'unknown',
  `width` smallint(6) unsigned DEFAULT NULL,
  `height` smallint(6) unsigned DEFAULT NULL,
  `size` int(11) unsigned DEFAULT NULL,
  `dateModified` datetime DEFAULT NULL,
  `dateCreated` datetime NOT NULL,
  `dateUpdated` datetime NOT NULL,
  `uid` char(36) COLLATE utf8_unicode_ci NOT NULL DEFAULT '0',
  PRIMARY KEY (`id`),
  UNIQUE KEY `cft_assetfiles_filename_folderId_unq_idx` (`filename`,`folderId`),
  KEY `cft_assetfiles_sourceId_fk` (`sourceId`),
  KEY `cft_assetfiles_folderId_fk` (`folderId`)
) ENGINE=InnoDB DEFAULT CHARSET=utf8 COLLATE=utf8_unicode_ci;

--
-- Data for table `cft_assetfiles`
--

INSERT INTO `cft_assetfiles` (`id`, `sourceId`, `folderId`, `filename`, `kind`, `width`, `height`, `size`, `dateModified`, `dateCreated`, `dateUpdated`, `uid`) VALUES ('6', '1', '2', 'bg-fullsail.jpg', 'image', '1100', '366', '26688', '2014-10-17 15:19:30', '2015-03-28 17:25:25', '2015-06-09 01:41:13', '884a820c-866f-4de9-8c83-f6db6a01b183');
INSERT INTO `cft_assetfiles` (`id`, `sourceId`, `folderId`, `filename`, `kind`, `width`, `height`, `size`, `dateModified`, `dateCreated`, `dateUpdated`, `uid`) VALUES ('7', '1', '2', 'bg-acs.jpg', 'image', '1100', '366', '14710', '2014-10-17 15:19:30', '2015-03-28 17:25:48', '2015-06-09 01:41:13', '88d25ddf-1ad3-4f63-addf-45268ca2b253');
INSERT INTO `cft_assetfiles` (`id`, `sourceId`, `folderId`, `filename`, `kind`, `width`, `height`, `size`, `dateModified`, `dateCreated`, `dateUpdated`, `uid`) VALUES ('8', '1', '2', 'bg-boggycreek.jpg', 'image', '1100', '366', '25630', '2014-10-17 15:19:30', '2015-03-28 17:25:48', '2015-06-09 01:41:13', '52d736e3-10fc-456a-996c-56d4cd466a34');
INSERT INTO `cft_assetfiles` (`id`, `sourceId`, `folderId`, `filename`, `kind`, `width`, `height`, `size`, `dateModified`, `dateCreated`, `dateUpdated`, `uid`) VALUES ('9', '1', '2', 'bg-fsblog.jpg', 'image', '1100', '366', '17989', '2014-10-17 15:19:30', '2015-03-28 17:25:49', '2015-06-09 01:41:13', '9614dd64-5b28-4eb2-9b5d-c07bebd8aad7');
INSERT INTO `cft_assetfiles` (`id`, `sourceId`, `folderId`, `filename`, `kind`, `width`, `height`, `size`, `dateModified`, `dateCreated`, `dateUpdated`, `uid`) VALUES ('11', '1', '2', 'bg-gamedesign.jpg', 'image', '1100', '366', '12795', '2014-10-17 15:19:30', '2015-03-28 17:25:50', '2015-06-09 01:41:13', 'dabbe2e4-94aa-4041-9402-f0a876422470');
INSERT INTO `cft_assetfiles` (`id`, `sourceId`, `folderId`, `filename`, `kind`, `width`, `height`, `size`, `dateModified`, `dateCreated`, `dateUpdated`, `uid`) VALUES ('12', '1', '2', 'bg-maxfitness.jpg', 'image', '1100', '366', '21821', '2014-10-17 15:19:30', '2015-03-28 17:25:50', '2015-06-09 01:41:13', '09722c23-cd7a-4441-ab5d-934378e0f778');
INSERT INTO `cft_assetfiles` (`id`, `sourceId`, `folderId`, `filename`, `kind`, `width`, `height`, `size`, `dateModified`, `dateCreated`, `dateUpdated`, `uid`) VALUES ('13', '1', '2', 'bg-mobileart.jpg', 'image', '1100', '366', '15815', '2014-10-17 15:19:30', '2015-03-28 17:25:51', '2015-06-09 01:41:14', 'd501e677-4217-4b99-8acb-ebd5328be605');
INSERT INTO `cft_assetfiles` (`id`, `sourceId`, `folderId`, `filename`, `kind`, `width`, `height`, `size`, `dateModified`, `dateCreated`, `dateUpdated`, `uid`) VALUES ('14', '1', '2', 'bg-youtube.jpg', 'image', '1100', '366', '15701', '2014-10-17 15:19:30', '2015-03-28 17:25:51', '2015-06-09 01:41:14', '4dd89c0e-d50c-4f1a-a5fe-82b360fc3017');
INSERT INTO `cft_assetfiles` (`id`, `sourceId`, `folderId`, `filename`, `kind`, `width`, `height`, `size`, `dateModified`, `dateCreated`, `dateUpdated`, `uid`) VALUES ('27', '2', '3', 'feature.jpg', 'image', '1200', '700', '109035', '2015-03-28 18:26:19', '2015-03-28 18:26:19', '2015-06-09 01:41:16', 'd460ef3b-04b9-458f-809d-6433b59ccefc');
INSERT INTO `cft_assetfiles` (`id`, `sourceId`, `folderId`, `filename`, `kind`, `width`, `height`, `size`, `dateModified`, `dateCreated`, `dateUpdated`, `uid`) VALUES ('28', '2', '3', 'AlexVanHoltzResume.pdf', 'pdf', NULL, NULL, '40896', '2015-03-28 18:26:29', '2015-03-28 18:26:29', '2015-06-09 01:41:16', '515aeb78-2a0a-4d5b-820e-d206b4f16b56');
INSERT INTO `cft_assetfiles` (`id`, `sourceId`, `folderId`, `filename`, `kind`, `width`, `height`, `size`, `dateModified`, `dateCreated`, `dateUpdated`, `uid`) VALUES ('45', '1', '4', 'browser-30reasons.png', 'image', '519', '325', '146351', '2015-06-09 01:16:50', '2015-06-09 01:16:50', '2015-06-09 01:41:14', '31aad18e-efc6-4cce-bb3d-1d8510826ea4');
INSERT INTO `cft_assetfiles` (`id`, `sourceId`, `folderId`, `filename`, `kind`, `width`, `height`, `size`, `dateModified`, `dateCreated`, `dateUpdated`, `uid`) VALUES ('46', '1', '4', 'browser-acs.png', 'image', '519', '325', '23660', '2015-06-09 01:16:51', '2015-06-09 01:16:51', '2015-06-09 01:41:14', '4faf0293-e9a9-46a6-93d0-f84656e940e9');
INSERT INTO `cft_assetfiles` (`id`, `sourceId`, `folderId`, `filename`, `kind`, `width`, `height`, `size`, `dateModified`, `dateCreated`, `dateUpdated`, `uid`) VALUES ('47', '1', '4', 'browser-boggycreek.png', 'image', '519', '325', '51900', '2015-06-09 01:16:52', '2015-06-09 01:16:52', '2015-06-09 01:41:14', '1be2282c-8eeb-494b-8fd7-2ea20498a31e');
INSERT INTO `cft_assetfiles` (`id`, `sourceId`, `folderId`, `filename`, `kind`, `width`, `height`, `size`, `dateModified`, `dateCreated`, `dateUpdated`, `uid`) VALUES ('48', '1', '4', 'browser-fsblog.png', 'image', '519', '325', '45046', '2015-06-09 01:16:54', '2015-06-09 01:16:54', '2015-06-09 01:41:14', 'f05eba2d-e3aa-42bb-af53-03fd31a24bf9');
INSERT INTO `cft_assetfiles` (`id`, `sourceId`, `folderId`, `filename`, `kind`, `width`, `height`, `size`, `dateModified`, `dateCreated`, `dateUpdated`, `uid`) VALUES ('49', '1', '4', 'browser-fullsail.png', 'image', '519', '325', '51751', '2015-06-09 01:16:55', '2015-06-09 01:16:55', '2015-06-09 01:41:14', '5d271889-d5ce-49dd-9b04-cd782b5a7ae9');
INSERT INTO `cft_assetfiles` (`id`, `sourceId`, `folderId`, `filename`, `kind`, `width`, `height`, `size`, `dateModified`, `dateCreated`, `dateUpdated`, `uid`) VALUES ('50', '1', '4', 'browser-gamedesign.png', 'image', '519', '325', '46373', '2015-06-09 01:16:57', '2015-06-09 01:16:57', '2015-06-09 01:41:15', 'c1fab5eb-a225-4e58-b0de-105d3113c6cc');
INSERT INTO `cft_assetfiles` (`id`, `sourceId`, `folderId`, `filename`, `kind`, `width`, `height`, `size`, `dateModified`, `dateCreated`, `dateUpdated`, `uid`) VALUES ('51', '1', '4', 'browser-hof.png', 'image', '519', '325', '50541', '2015-06-09 01:16:58', '2015-06-09 01:16:58', '2015-06-09 01:41:15', '8e6cbb16-e1c5-4e9a-a009-1eacfa6dc932');
INSERT INTO `cft_assetfiles` (`id`, `sourceId`, `folderId`, `filename`, `kind`, `width`, `height`, `size`, `dateModified`, `dateCreated`, `dateUpdated`, `uid`) VALUES ('52', '1', '4', 'browser-maxfitness.png', 'image', '519', '325', '57347', '2015-06-09 01:17:00', '2015-06-09 01:17:00', '2015-06-09 01:41:15', '75181dc1-5266-48ee-a175-1e9d048c0857');
INSERT INTO `cft_assetfiles` (`id`, `sourceId`, `folderId`, `filename`, `kind`, `width`, `height`, `size`, `dateModified`, `dateCreated`, `dateUpdated`, `uid`) VALUES ('53', '1', '4', 'browser-mobileart.png', 'image', '519', '325', '39553', '2015-06-09 01:17:01', '2015-06-09 01:17:01', '2015-06-09 01:41:15', 'bc8ea2d2-64b4-48c8-a2a9-4eb116ddb1d0');
INSERT INTO `cft_assetfiles` (`id`, `sourceId`, `folderId`, `filename`, `kind`, `width`, `height`, `size`, `dateModified`, `dateCreated`, `dateUpdated`, `uid`) VALUES ('54', '1', '4', 'browser-youtube.png', 'image', '519', '325', '45543', '2015-06-09 01:17:02', '2015-06-09 01:17:03', '2015-06-09 01:41:15', '542d8890-844c-48bf-bb43-a3de1d4235c1');
INSERT INTO `cft_assetfiles` (`id`, `sourceId`, `folderId`, `filename`, `kind`, `width`, `height`, `size`, `dateModified`, `dateCreated`, `dateUpdated`, `uid`) VALUES ('56', '1', '2', 'bg-30reasons.jpg', 'image', '1100', '366', '40405', '2015-05-25 14:56:17', '2015-06-09 01:20:31', '2015-06-09 01:41:12', 'f7ab528d-9a4a-4eed-9754-13d0d6f40f49');
INSERT INTO `cft_assetfiles` (`id`, `sourceId`, `folderId`, `filename`, `kind`, `width`, `height`, `size`, `dateModified`, `dateCreated`, `dateUpdated`, `uid`) VALUES ('57', '1', '2', 'bg-hof.jpg', 'image', '1100', '366', '26753', '2015-04-25 12:07:58', '2015-06-09 01:20:33', '2015-06-09 01:41:13', '5a72c669-21d8-4698-9e00-617faf9b81d4');



DROP TABLE IF EXISTS `cft_assetfolders`;


--
-- Schema for table `cft_assetfolders`
--
CREATE TABLE `cft_assetfolders` (
  `id` int(11) NOT NULL AUTO_INCREMENT,
  `parentId` int(11) DEFAULT NULL,
  `sourceId` int(11) DEFAULT NULL,
  `name` varchar(255) COLLATE utf8_unicode_ci NOT NULL,
  `path` varchar(255) COLLATE utf8_unicode_ci DEFAULT NULL,
  `dateCreated` datetime NOT NULL,
  `dateUpdated` datetime NOT NULL,
  `uid` char(36) COLLATE utf8_unicode_ci NOT NULL DEFAULT '0',
  PRIMARY KEY (`id`),
  UNIQUE KEY `cft_assetfolders_name_parentId_sourceId_unq_idx` (`name`,`parentId`,`sourceId`),
  KEY `cft_assetfolders_parentId_fk` (`parentId`),
  KEY `cft_assetfolders_sourceId_fk` (`sourceId`)
) ENGINE=InnoDB AUTO_INCREMENT=5 DEFAULT CHARSET=utf8 COLLATE=utf8_unicode_ci;

--
-- Data for table `cft_assetfolders`
--

INSERT INTO `cft_assetfolders` (`id`, `parentId`, `sourceId`, `name`, `path`, `dateCreated`, `dateUpdated`, `uid`) VALUES ('1', NULL, '1', 'Projects', '', '2015-03-28 17:08:57', '2015-03-28 17:09:37', 'c13752bb-c7ce-480e-a0de-88ebe1285318');
INSERT INTO `cft_assetfolders` (`id`, `parentId`, `sourceId`, `name`, `path`, `dateCreated`, `dateUpdated`, `uid`) VALUES ('2', '1', '1', 'backgrounds', 'backgrounds/', '2015-03-28 17:11:31', '2015-03-28 17:11:31', 'ca6274a0-80ad-42bc-a457-7dbf7a59ab4a');
INSERT INTO `cft_assetfolders` (`id`, `parentId`, `sourceId`, `name`, `path`, `dateCreated`, `dateUpdated`, `uid`) VALUES ('3', NULL, '2', 'Home', '', '2015-03-28 18:25:41', '2015-03-28 18:25:41', '52dedfbe-ff55-4125-9bac-ddb72d9cb618');
INSERT INTO `cft_assetfolders` (`id`, `parentId`, `sourceId`, `name`, `path`, `dateCreated`, `dateUpdated`, `uid`) VALUES ('4', '1', '1', 'display', 'display/', '2015-06-09 01:09:17', '2015-06-09 01:09:17', '024853d3-50ac-41ef-b85b-d7bdb4804f58');



DROP TABLE IF EXISTS `cft_assetindexdata`;


--
-- Schema for table `cft_assetindexdata`
--
CREATE TABLE `cft_assetindexdata` (
  `id` int(11) NOT NULL AUTO_INCREMENT,
  `sessionId` varchar(36) COLLATE utf8_unicode_ci NOT NULL DEFAULT '',
  `sourceId` int(10) NOT NULL,
  `offset` int(10) NOT NULL,
  `uri` varchar(255) COLLATE utf8_unicode_ci DEFAULT NULL,
  `size` int(10) DEFAULT NULL,
  `recordId` int(10) DEFAULT NULL,
  `dateCreated` datetime NOT NULL,
  `dateUpdated` datetime NOT NULL,
  `uid` char(36) COLLATE utf8_unicode_ci NOT NULL DEFAULT '0',
  PRIMARY KEY (`id`),
  UNIQUE KEY `cft_assetindexdata_sessionId_sourceId_offset_unq_idx` (`sessionId`,`sourceId`,`offset`),
  KEY `cft_assetindexdata_sourceId_fk` (`sourceId`)
) ENGINE=InnoDB AUTO_INCREMENT=23 DEFAULT CHARSET=utf8 COLLATE=utf8_unicode_ci;

DROP TABLE IF EXISTS `cft_assetsources`;


--
-- Schema for table `cft_assetsources`
--
CREATE TABLE `cft_assetsources` (
  `id` int(11) NOT NULL AUTO_INCREMENT,
  `name` varchar(255) COLLATE utf8_unicode_ci NOT NULL,
  `handle` varchar(255) COLLATE utf8_unicode_ci NOT NULL,
  `type` varchar(150) COLLATE utf8_unicode_ci NOT NULL,
  `settings` text COLLATE utf8_unicode_ci,
  `sortOrder` tinyint(4) DEFAULT NULL,
  `fieldLayoutId` int(10) DEFAULT NULL,
  `dateCreated` datetime NOT NULL,
  `dateUpdated` datetime NOT NULL,
  `uid` char(36) COLLATE utf8_unicode_ci NOT NULL DEFAULT '0',
  PRIMARY KEY (`id`),
  UNIQUE KEY `cft_assetsources_name_unq_idx` (`name`),
  UNIQUE KEY `cft_assetsources_handle_unq_idx` (`handle`),
  KEY `cft_assetsources_fieldLayoutId_fk` (`fieldLayoutId`)
) ENGINE=InnoDB AUTO_INCREMENT=3 DEFAULT CHARSET=utf8 COLLATE=utf8_unicode_ci;

--
-- Data for table `cft_assetsources`
--

INSERT INTO `cft_assetsources` (`id`, `name`, `handle`, `type`, `settings`, `sortOrder`, `fieldLayoutId`, `dateCreated`, `dateUpdated`, `uid`) VALUES ('1', 'Projects', 'projects', 'Local', '{\"path\":\"{basePath}uploads\\/projects\\/\",\"url\":\"{baseUrl}uploads\\/projects\\/\"}', '1', '13', '2015-03-28 17:08:57', '2015-03-28 17:21:09', 'eaf6e89c-7f10-4e28-bef7-7e3de68307cc');
INSERT INTO `cft_assetsources` (`id`, `name`, `handle`, `type`, `settings`, `sortOrder`, `fieldLayoutId`, `dateCreated`, `dateUpdated`, `uid`) VALUES ('2', 'Home', 'home', 'Local', '{\"path\":\"{basePath}uploads\\/home\\/\",\"url\":\"{baseUrl}uploads\\/home\\/\"}', '2', '16', '2015-03-28 18:25:41', '2015-03-28 18:25:41', '37ddfdea-7c91-4b17-a30a-71e9c42d696c');



DROP TABLE IF EXISTS `cft_assettransformindex`;


--
-- Schema for table `cft_assettransformindex`
--
CREATE TABLE `cft_assettransformindex` (
  `id` int(11) NOT NULL AUTO_INCREMENT,
  `fileId` int(11) NOT NULL,
  `filename` varchar(255) COLLATE utf8_unicode_ci DEFAULT NULL,
  `format` varchar(255) COLLATE utf8_unicode_ci DEFAULT NULL,
  `location` varchar(255) COLLATE utf8_unicode_ci NOT NULL,
  `sourceId` int(11) DEFAULT NULL,
  `fileExists` tinyint(1) DEFAULT NULL,
  `inProgress` tinyint(1) DEFAULT NULL,
  `dateIndexed` datetime DEFAULT NULL,
  `dateCreated` datetime NOT NULL,
  `dateUpdated` datetime NOT NULL,
  `uid` char(36) COLLATE utf8_unicode_ci NOT NULL DEFAULT '0',
  PRIMARY KEY (`id`),
  KEY `cft_assettransformindex_sourceId_fileId_location_idx` (`sourceId`,`fileId`,`location`)
) ENGINE=InnoDB DEFAULT CHARSET=utf8 COLLATE=utf8_unicode_ci;

DROP TABLE IF EXISTS `cft_assettransforms`;


--
-- Schema for table `cft_assettransforms`
--
CREATE TABLE `cft_assettransforms` (
  `id` int(11) NOT NULL AUTO_INCREMENT,
  `name` varchar(255) COLLATE utf8_unicode_ci NOT NULL,
  `handle` varchar(255) COLLATE utf8_unicode_ci NOT NULL,
  `mode` enum('stretch','fit','crop') COLLATE utf8_unicode_ci NOT NULL DEFAULT 'crop',
  `position` enum('top-left','top-center','top-right','center-left','center-center','center-right','bottom-left','bottom-center','bottom-right') COLLATE utf8_unicode_ci NOT NULL DEFAULT 'center-center',
  `height` int(10) DEFAULT NULL,
  `width` int(10) DEFAULT NULL,
  `format` varchar(255) COLLATE utf8_unicode_ci DEFAULT NULL,
  `quality` int(10) DEFAULT NULL,
  `dimensionChangeTime` datetime DEFAULT NULL,
  `dateCreated` datetime NOT NULL,
  `dateUpdated` datetime NOT NULL,
  `uid` char(36) COLLATE utf8_unicode_ci NOT NULL DEFAULT '0',
  PRIMARY KEY (`id`),
  UNIQUE KEY `cft_assettransforms_name_unq_idx` (`name`),
  UNIQUE KEY `cft_assettransforms_handle_unq_idx` (`handle`)
) ENGINE=InnoDB DEFAULT CHARSET=utf8 COLLATE=utf8_unicode_ci;

DROP TABLE IF EXISTS `cft_categories`;


--
-- Schema for table `cft_categories`
--
CREATE TABLE `cft_categories` (
  `id` int(11) NOT NULL,
  `groupId` int(11) NOT NULL,
  `dateCreated` datetime NOT NULL,
  `dateUpdated` datetime NOT NULL,
  `uid` char(36) COLLATE utf8_unicode_ci NOT NULL DEFAULT '0',
  PRIMARY KEY (`id`),
  KEY `cft_categories_groupId_fk` (`groupId`)
) ENGINE=InnoDB DEFAULT CHARSET=utf8 COLLATE=utf8_unicode_ci;

DROP TABLE IF EXISTS `cft_categorygroups`;


--
-- Schema for table `cft_categorygroups`
--
CREATE TABLE `cft_categorygroups` (
  `id` int(11) NOT NULL AUTO_INCREMENT,
  `structureId` int(11) NOT NULL,
  `fieldLayoutId` int(11) DEFAULT NULL,
  `name` varchar(255) COLLATE utf8_unicode_ci NOT NULL,
  `handle` varchar(255) COLLATE utf8_unicode_ci NOT NULL,
  `hasUrls` tinyint(1) unsigned NOT NULL DEFAULT '1',
  `template` varchar(500) COLLATE utf8_unicode_ci DEFAULT NULL,
  `dateCreated` datetime NOT NULL,
  `dateUpdated` datetime NOT NULL,
  `uid` char(36) COLLATE utf8_unicode_ci NOT NULL DEFAULT '0',
  PRIMARY KEY (`id`),
  UNIQUE KEY `cft_categorygroups_name_unq_idx` (`name`),
  UNIQUE KEY `cft_categorygroups_handle_unq_idx` (`handle`),
  KEY `cft_categorygroups_structureId_fk` (`structureId`),
  KEY `cft_categorygroups_fieldLayoutId_fk` (`fieldLayoutId`)
) ENGINE=InnoDB DEFAULT CHARSET=utf8 COLLATE=utf8_unicode_ci;

DROP TABLE IF EXISTS `cft_categorygroups_i18n`;


--
-- Schema for table `cft_categorygroups_i18n`
--
CREATE TABLE `cft_categorygroups_i18n` (
  `id` int(11) NOT NULL AUTO_INCREMENT,
  `groupId` int(11) NOT NULL,
  `locale` char(12) COLLATE utf8_unicode_ci NOT NULL,
  `urlFormat` varchar(255) COLLATE utf8_unicode_ci DEFAULT NULL,
  `nestedUrlFormat` varchar(255) COLLATE utf8_unicode_ci DEFAULT NULL,
  `dateCreated` datetime NOT NULL,
  `dateUpdated` datetime NOT NULL,
  `uid` char(36) COLLATE utf8_unicode_ci NOT NULL DEFAULT '0',
  PRIMARY KEY (`id`),
  UNIQUE KEY `cft_categorygroups_i18n_groupId_locale_unq_idx` (`groupId`,`locale`),
  KEY `cft_categorygroups_i18n_locale_fk` (`locale`)
) ENGINE=InnoDB DEFAULT CHARSET=utf8 COLLATE=utf8_unicode_ci;

DROP TABLE IF EXISTS `cft_content`;


--
-- Schema for table `cft_content`
--
CREATE TABLE `cft_content` (
  `id` int(11) NOT NULL AUTO_INCREMENT,
  `elementId` int(11) NOT NULL,
  `locale` char(12) COLLATE utf8_unicode_ci NOT NULL,
  `title` varchar(255) COLLATE utf8_unicode_ci DEFAULT NULL,
  `field_body` text COLLATE utf8_unicode_ci,
  `field_projectTitle` text COLLATE utf8_unicode_ci,
  `field_projectDescription` text COLLATE utf8_unicode_ci,
  `field_projectUrl` text COLLATE utf8_unicode_ci,
  `field_headline` text COLLATE utf8_unicode_ci,
  `dateCreated` datetime NOT NULL,
  `dateUpdated` datetime NOT NULL,
  `uid` char(36) COLLATE utf8_unicode_ci NOT NULL DEFAULT '0',
  PRIMARY KEY (`id`),
  UNIQUE KEY `cft_content_elementId_locale_unq_idx` (`elementId`,`locale`),
  KEY `cft_content_title_idx` (`title`),
  KEY `cft_content_locale_fk` (`locale`)
) ENGINE=InnoDB AUTO_INCREMENT=74 DEFAULT CHARSET=utf8 COLLATE=utf8_unicode_ci;

--
-- Data for table `cft_content`
--

INSERT INTO `cft_content` (`id`, `elementId`, `locale`, `title`, `field_body`, `field_projectTitle`, `field_projectDescription`, `field_projectUrl`, `field_headline`, `dateCreated`, `dateUpdated`, `uid`) VALUES ('1', '1', 'en_us', NULL, NULL, NULL, NULL, NULL, NULL, '2015-03-28 16:39:35', '2015-06-09 03:04:03', 'e4b2d01b-be7d-44d3-88b2-a84b2902b242');
INSERT INTO `cft_content` (`id`, `elementId`, `locale`, `title`, `field_body`, `field_projectTitle`, `field_projectDescription`, `field_projectUrl`, `field_headline`, `dateCreated`, `dateUpdated`, `uid`) VALUES ('2', '2', 'en_us', 'Home', '<p>I’m a Full-stack web developer currently living in Orlando, Florida. I create web sites and applications for Full Sail University’s award-winning, in-house creative team, Platinum Creative. I Instagram too many photos of my pets and make a banana bread that\'ll knock your socks off.</p>', NULL, NULL, NULL, 'Hi, I\'m Alex!', '2015-03-28 16:39:37', '2015-06-09 01:30:31', '37a3c501-fb1b-469f-af8e-404846950b65');
INSERT INTO `cft_content` (`id`, `elementId`, `locale`, `title`, `field_body`, `field_projectTitle`, `field_projectDescription`, `field_projectUrl`, `field_headline`, `dateCreated`, `dateUpdated`, `uid`) VALUES ('4', '4', 'en_us', 'Full Sail University', NULL, 'Full Sail University', '<p>Created the 2010 W3 Silver award-winning desktop and 2011 W3 Silver award-winning mobile sites for Full Sail University using FuseBox, a ColdFusion XML-based MVC framework.</p>', 'http://www.fullsail.edu', NULL, '2015-03-28 17:15:55', '2015-06-09 01:54:04', 'be90945f-5ce1-4406-a88b-afe2b9675c33');
INSERT INTO `cft_content` (`id`, `elementId`, `locale`, `title`, `field_body`, `field_projectTitle`, `field_projectDescription`, `field_projectUrl`, `field_headline`, `dateCreated`, `dateUpdated`, `uid`) VALUES ('6', '6', 'en_us', 'bg-fullsail', NULL, NULL, NULL, NULL, NULL, '2015-03-28 17:25:25', '2015-06-09 01:41:13', '48115b16-6fb9-4616-be9d-b6d838d65043');
INSERT INTO `cft_content` (`id`, `elementId`, `locale`, `title`, `field_body`, `field_projectTitle`, `field_projectDescription`, `field_projectUrl`, `field_headline`, `dateCreated`, `dateUpdated`, `uid`) VALUES ('7', '7', 'en_us', 'bg-acs', NULL, NULL, NULL, NULL, NULL, '2015-03-28 17:25:47', '2015-06-09 01:41:12', 'a128e831-6e2e-4cdd-9beb-26405021f342');
INSERT INTO `cft_content` (`id`, `elementId`, `locale`, `title`, `field_body`, `field_projectTitle`, `field_projectDescription`, `field_projectUrl`, `field_headline`, `dateCreated`, `dateUpdated`, `uid`) VALUES ('8', '8', 'en_us', 'bg-boggycreek', NULL, NULL, NULL, NULL, NULL, '2015-03-28 17:25:48', '2015-06-09 01:41:13', 'ab873060-fbc2-4257-a805-2010b41e0fcd');
INSERT INTO `cft_content` (`id`, `elementId`, `locale`, `title`, `field_body`, `field_projectTitle`, `field_projectDescription`, `field_projectUrl`, `field_headline`, `dateCreated`, `dateUpdated`, `uid`) VALUES ('9', '9', 'en_us', 'bg-fsblog', NULL, NULL, NULL, NULL, NULL, '2015-03-28 17:25:49', '2015-06-09 01:41:13', '8c2ef8ab-d976-4cdc-b5a0-029908f8b08c');
INSERT INTO `cft_content` (`id`, `elementId`, `locale`, `title`, `field_body`, `field_projectTitle`, `field_projectDescription`, `field_projectUrl`, `field_headline`, `dateCreated`, `dateUpdated`, `uid`) VALUES ('11', '11', 'en_us', 'bg-gamedesign', NULL, NULL, NULL, NULL, NULL, '2015-03-28 17:25:49', '2015-06-09 01:41:13', '8b614ffa-f56e-4e82-9764-849e127239dc');
INSERT INTO `cft_content` (`id`, `elementId`, `locale`, `title`, `field_body`, `field_projectTitle`, `field_projectDescription`, `field_projectUrl`, `field_headline`, `dateCreated`, `dateUpdated`, `uid`) VALUES ('12', '12', 'en_us', 'bg-maxfitness', NULL, NULL, NULL, NULL, NULL, '2015-03-28 17:25:50', '2015-06-09 01:41:13', '4b21c342-5106-4b20-913f-42ebfa68f9c3');
INSERT INTO `cft_content` (`id`, `elementId`, `locale`, `title`, `field_body`, `field_projectTitle`, `field_projectDescription`, `field_projectUrl`, `field_headline`, `dateCreated`, `dateUpdated`, `uid`) VALUES ('13', '13', 'en_us', 'bg-mobileart', NULL, NULL, NULL, NULL, NULL, '2015-03-28 17:25:50', '2015-06-09 01:41:14', '3afe027e-be93-40a1-b001-9571a10c9167');
INSERT INTO `cft_content` (`id`, `elementId`, `locale`, `title`, `field_body`, `field_projectTitle`, `field_projectDescription`, `field_projectUrl`, `field_headline`, `dateCreated`, `dateUpdated`, `uid`) VALUES ('14', '14', 'en_us', 'bg-youtube', NULL, NULL, NULL, NULL, NULL, '2015-03-28 17:25:51', '2015-06-09 01:41:14', '9b7a89b8-b8eb-4e56-a1cc-8082e96a2326');
INSERT INTO `cft_content` (`id`, `elementId`, `locale`, `title`, `field_body`, `field_projectTitle`, `field_projectDescription`, `field_projectUrl`, `field_headline`, `dateCreated`, `dateUpdated`, `uid`) VALUES ('23', '23', 'en_us', 'PHP', NULL, NULL, NULL, NULL, NULL, '2015-03-28 18:01:21', '2015-03-28 18:01:21', '74cd2dca-510a-46b0-9679-5cc7b4deeea6');
INSERT INTO `cft_content` (`id`, `elementId`, `locale`, `title`, `field_body`, `field_projectTitle`, `field_projectDescription`, `field_projectUrl`, `field_headline`, `dateCreated`, `dateUpdated`, `uid`) VALUES ('24', '24', 'en_us', 'MySQL', NULL, NULL, NULL, NULL, NULL, '2015-03-28 18:01:27', '2015-03-28 18:01:27', '4c65a784-8cae-43d1-9ec5-642a93c818a9');
INSERT INTO `cft_content` (`id`, `elementId`, `locale`, `title`, `field_body`, `field_projectTitle`, `field_projectDescription`, `field_projectUrl`, `field_headline`, `dateCreated`, `dateUpdated`, `uid`) VALUES ('25', '25', 'en_us', 'WordPress', NULL, NULL, NULL, NULL, NULL, '2015-03-28 18:01:37', '2015-03-28 18:01:37', '2d9a6eb2-b922-4251-9cd1-d7387ad2a4b7');
INSERT INTO `cft_content` (`id`, `elementId`, `locale`, `title`, `field_body`, `field_projectTitle`, `field_projectDescription`, `field_projectUrl`, `field_headline`, `dateCreated`, `dateUpdated`, `uid`) VALUES ('26', '26', 'en_us', 'Full Sail Blog', NULL, 'Full Sail Blog', '<p>Created a responsive, custom WordPress site for Full Sail University\'s blog.</p>', 'http://www.fullsailblog.com', NULL, '2015-03-28 18:01:45', '2015-06-09 01:48:11', '0ff69fa6-2bd7-43a2-b949-1d4d5e3aa8a0');
INSERT INTO `cft_content` (`id`, `elementId`, `locale`, `title`, `field_body`, `field_projectTitle`, `field_projectDescription`, `field_projectUrl`, `field_headline`, `dateCreated`, `dateUpdated`, `uid`) VALUES ('27', '27', 'en_us', 'feature', NULL, NULL, NULL, NULL, NULL, '2015-03-28 18:26:19', '2015-06-09 01:41:16', '9b9cbe9e-8c3f-444f-ad94-b8d1d11f9753');
INSERT INTO `cft_content` (`id`, `elementId`, `locale`, `title`, `field_body`, `field_projectTitle`, `field_projectDescription`, `field_projectUrl`, `field_headline`, `dateCreated`, `dateUpdated`, `uid`) VALUES ('28', '28', 'en_us', 'AlexVanHoltzResume', NULL, NULL, NULL, NULL, NULL, '2015-03-28 18:26:29', '2015-06-09 01:41:15', '512314da-217b-4dfe-a8d6-b1e6f51e582a');
INSERT INTO `cft_content` (`id`, `elementId`, `locale`, `title`, `field_body`, `field_projectTitle`, `field_projectDescription`, `field_projectUrl`, `field_headline`, `dateCreated`, `dateUpdated`, `uid`) VALUES ('29', '32', 'en_us', 'HTML, CSS, jQuery, ColdFusion, FuseBox, Alfresco, XML, Social APIs, mod_rewrite, Deployments', NULL, NULL, NULL, NULL, NULL, '2015-03-28 19:00:19', '2015-03-28 19:00:19', 'a058dc13-dd51-429c-aeb0-38aebe2b8b87');
INSERT INTO `cft_content` (`id`, `elementId`, `locale`, `title`, `field_body`, `field_projectTitle`, `field_projectDescription`, `field_projectUrl`, `field_headline`, `dateCreated`, `dateUpdated`, `uid`) VALUES ('30', '33', 'en_us', 'HTML', NULL, NULL, NULL, NULL, NULL, '2015-03-28 19:00:32', '2015-03-28 19:00:32', '04d1d80d-768d-4433-9595-af0d89410ec6');
INSERT INTO `cft_content` (`id`, `elementId`, `locale`, `title`, `field_body`, `field_projectTitle`, `field_projectDescription`, `field_projectUrl`, `field_headline`, `dateCreated`, `dateUpdated`, `uid`) VALUES ('31', '34', 'en_us', 'CSS', NULL, NULL, NULL, NULL, NULL, '2015-03-28 19:00:36', '2015-03-28 19:00:36', '0cd7060e-b692-43f9-8ddb-207495507bbf');
INSERT INTO `cft_content` (`id`, `elementId`, `locale`, `title`, `field_body`, `field_projectTitle`, `field_projectDescription`, `field_projectUrl`, `field_headline`, `dateCreated`, `dateUpdated`, `uid`) VALUES ('32', '35', 'en_us', 'jQuery', NULL, NULL, NULL, NULL, NULL, '2015-03-28 19:00:41', '2015-03-28 19:00:41', '86807928-855f-462c-91aa-7ad16f41ff45');
INSERT INTO `cft_content` (`id`, `elementId`, `locale`, `title`, `field_body`, `field_projectTitle`, `field_projectDescription`, `field_projectUrl`, `field_headline`, `dateCreated`, `dateUpdated`, `uid`) VALUES ('33', '36', 'en_us', 'Camp Boggy Creek', NULL, 'Camp Boggy Creek', '<p>Created the 2014 Orlando Silver ADDY award-winning, responsive, custom WordPress site for Camp Boggy Creek, an organization that provides free camp programs for children with serious illnesses.</p>', 'http://www.boggycreek.org', NULL, '2015-03-28 19:05:47', '2015-06-09 01:53:29', '27beaa83-395c-47e8-a95e-ac16323ac528');
INSERT INTO `cft_content` (`id`, `elementId`, `locale`, `title`, `field_body`, `field_projectTitle`, `field_projectDescription`, `field_projectUrl`, `field_headline`, `dateCreated`, `dateUpdated`, `uid`) VALUES ('37', '43', 'en_us', 'Craft CMS', NULL, NULL, NULL, NULL, NULL, '2015-06-09 01:14:02', '2015-06-09 01:14:02', '9a2fbdad-0405-46aa-8391-243ada7d3587');
INSERT INTO `cft_content` (`id`, `elementId`, `locale`, `title`, `field_body`, `field_projectTitle`, `field_projectDescription`, `field_projectUrl`, `field_headline`, `dateCreated`, `dateUpdated`, `uid`) VALUES ('38', '44', 'en_us', 'Full Sail Hall of Fame', NULL, 'Full Sail Hall of Fame', '<p>Created a responsive site for Full Sail University\'s Hall of Fame, the first at Full Sail to launch using Craft CMS.</p>', 'http://halloffame.fullsail.edu', NULL, '2015-06-09 01:15:07', '2015-06-09 01:46:40', '243ae202-8277-4216-81a0-69cc05787dc3');
INSERT INTO `cft_content` (`id`, `elementId`, `locale`, `title`, `field_body`, `field_projectTitle`, `field_projectDescription`, `field_projectUrl`, `field_headline`, `dateCreated`, `dateUpdated`, `uid`) VALUES ('39', '45', 'en_us', 'browser-30reasons', NULL, NULL, NULL, NULL, NULL, '2015-06-09 01:16:50', '2015-06-09 01:41:14', 'b5521f7d-73d3-4065-a907-959842b3e745');
INSERT INTO `cft_content` (`id`, `elementId`, `locale`, `title`, `field_body`, `field_projectTitle`, `field_projectDescription`, `field_projectUrl`, `field_headline`, `dateCreated`, `dateUpdated`, `uid`) VALUES ('40', '46', 'en_us', 'browser-acs', NULL, NULL, NULL, NULL, NULL, '2015-06-09 01:16:51', '2015-06-09 01:41:14', '9fcc3c7e-3e50-4a43-a955-f43d0805d4da');
INSERT INTO `cft_content` (`id`, `elementId`, `locale`, `title`, `field_body`, `field_projectTitle`, `field_projectDescription`, `field_projectUrl`, `field_headline`, `dateCreated`, `dateUpdated`, `uid`) VALUES ('41', '47', 'en_us', 'browser-boggycreek', NULL, NULL, NULL, NULL, NULL, '2015-06-09 01:16:52', '2015-06-09 01:41:14', '309c2bfa-1ef8-4dcb-bd60-1f5be6d9892b');
INSERT INTO `cft_content` (`id`, `elementId`, `locale`, `title`, `field_body`, `field_projectTitle`, `field_projectDescription`, `field_projectUrl`, `field_headline`, `dateCreated`, `dateUpdated`, `uid`) VALUES ('42', '48', 'en_us', 'browser-fsblog', NULL, NULL, NULL, NULL, NULL, '2015-06-09 01:16:54', '2015-06-09 01:41:14', '9e845765-34aa-4746-b5d8-a503c51b5855');
INSERT INTO `cft_content` (`id`, `elementId`, `locale`, `title`, `field_body`, `field_projectTitle`, `field_projectDescription`, `field_projectUrl`, `field_headline`, `dateCreated`, `dateUpdated`, `uid`) VALUES ('43', '49', 'en_us', 'browser-fullsail', NULL, NULL, NULL, NULL, NULL, '2015-06-09 01:16:55', '2015-06-09 01:41:14', '2a13379b-57d3-4338-bd00-e5c9ac4aa534');
INSERT INTO `cft_content` (`id`, `elementId`, `locale`, `title`, `field_body`, `field_projectTitle`, `field_projectDescription`, `field_projectUrl`, `field_headline`, `dateCreated`, `dateUpdated`, `uid`) VALUES ('44', '50', 'en_us', 'browser-gamedesign', NULL, NULL, NULL, NULL, NULL, '2015-06-09 01:16:57', '2015-06-09 01:41:15', 'b9309050-632f-4bb7-8518-2fb26a4ea5a9');
INSERT INTO `cft_content` (`id`, `elementId`, `locale`, `title`, `field_body`, `field_projectTitle`, `field_projectDescription`, `field_projectUrl`, `field_headline`, `dateCreated`, `dateUpdated`, `uid`) VALUES ('45', '51', 'en_us', 'browser-hof', NULL, NULL, NULL, NULL, NULL, '2015-06-09 01:16:58', '2015-06-09 01:41:15', '5c4007c4-1cee-4603-b895-01edc84c8ef3');
INSERT INTO `cft_content` (`id`, `elementId`, `locale`, `title`, `field_body`, `field_projectTitle`, `field_projectDescription`, `field_projectUrl`, `field_headline`, `dateCreated`, `dateUpdated`, `uid`) VALUES ('46', '52', 'en_us', 'browser-maxfitness', NULL, NULL, NULL, NULL, NULL, '2015-06-09 01:17:00', '2015-06-09 01:41:15', 'ae56a78d-cb8f-4da4-a0c1-5f0656bb270c');
INSERT INTO `cft_content` (`id`, `elementId`, `locale`, `title`, `field_body`, `field_projectTitle`, `field_projectDescription`, `field_projectUrl`, `field_headline`, `dateCreated`, `dateUpdated`, `uid`) VALUES ('47', '53', 'en_us', 'browser-mobileart', NULL, NULL, NULL, NULL, NULL, '2015-06-09 01:17:01', '2015-06-09 01:41:15', '3e3a8bed-7923-4791-842a-b29bb54c29aa');
INSERT INTO `cft_content` (`id`, `elementId`, `locale`, `title`, `field_body`, `field_projectTitle`, `field_projectDescription`, `field_projectUrl`, `field_headline`, `dateCreated`, `dateUpdated`, `uid`) VALUES ('48', '54', 'en_us', 'browser-youtube', NULL, NULL, NULL, NULL, NULL, '2015-06-09 01:17:03', '2015-06-09 01:41:15', '20cc7e7e-a858-43ae-be0b-0692fcacf8ff');
INSERT INTO `cft_content` (`id`, `elementId`, `locale`, `title`, `field_body`, `field_projectTitle`, `field_projectDescription`, `field_projectUrl`, `field_headline`, `dateCreated`, `dateUpdated`, `uid`) VALUES ('50', '56', 'en_us', 'bg-30reasons', NULL, NULL, NULL, NULL, NULL, '2015-06-09 01:20:31', '2015-06-09 01:41:12', '9abd93b8-4a42-4f61-9736-3fc587cb0691');
INSERT INTO `cft_content` (`id`, `elementId`, `locale`, `title`, `field_body`, `field_projectTitle`, `field_projectDescription`, `field_projectUrl`, `field_headline`, `dateCreated`, `dateUpdated`, `uid`) VALUES ('51', '57', 'en_us', 'bg-hof', NULL, NULL, NULL, NULL, NULL, '2015-06-09 01:20:32', '2015-06-09 01:41:13', '22769508-8dc8-42b1-a5fe-cdfc033a8320');
INSERT INTO `cft_content` (`id`, `elementId`, `locale`, `title`, `field_body`, `field_projectTitle`, `field_projectDescription`, `field_projectUrl`, `field_headline`, `dateCreated`, `dateUpdated`, `uid`) VALUES ('53', '59', 'en_us', '30 Reasons Why We Love Eric\'s Guts', NULL, '30 Reasons Why We Love Eric\'s Guts', '<p>For my husband\'s 30th birthday, I made him a website full of reasons why his friends and family love his guts.</p>', 'http://www.30ReasonsWhyWeLoveEricsGuts.com', NULL, '2015-06-09 01:21:58', '2015-06-09 01:45:10', 'd46a5bfd-b01d-4b45-977d-29a40bf03fdb');
INSERT INTO `cft_content` (`id`, `elementId`, `locale`, `title`, `field_body`, `field_projectTitle`, `field_projectDescription`, `field_projectUrl`, `field_headline`, `dateCreated`, `dateUpdated`, `uid`) VALUES ('54', '60', 'en_us', 'Maximum Fitness', NULL, 'Maximum Fitness', '<p>Created a responsive, custom WordPress site for personal trainining company Maximum Fitness.</p>', 'http://www.thinkingoutsidethebowl.com/maximumfitness', NULL, '2015-06-09 01:22:44', '2015-06-09 01:49:33', 'fdbd97aa-319f-4630-857d-6ccf94f15ec8');
INSERT INTO `cft_content` (`id`, `elementId`, `locale`, `title`, `field_body`, `field_projectTitle`, `field_projectDescription`, `field_projectUrl`, `field_headline`, `dateCreated`, `dateUpdated`, `uid`) VALUES ('55', '61', 'en_us', 'ColdFusion', NULL, NULL, NULL, NULL, NULL, '2015-06-09 01:23:34', '2015-06-09 01:23:34', 'f3d035d0-590e-42dd-8fa0-83f4bdc958d3');
INSERT INTO `cft_content` (`id`, `elementId`, `locale`, `title`, `field_body`, `field_projectTitle`, `field_projectDescription`, `field_projectUrl`, `field_headline`, `dateCreated`, `dateUpdated`, `uid`) VALUES ('56', '62', 'en_us', 'Full Sail University\'s Alumni Credit Suite', NULL, 'Full Sail University\'s Alumni Credit Suite', '<p>Created an internal web application for Full Sail University to keep track of grads and their jobs, credits, awards and media using ColdFusion and Framework One, an MVC framework.</p>', '', NULL, '2015-06-09 01:23:38', '2015-06-09 01:51:23', 'fbb329f9-df1a-4a57-8476-c6dcfb2105d2');
INSERT INTO `cft_content` (`id`, `elementId`, `locale`, `title`, `field_body`, `field_projectTitle`, `field_projectDescription`, `field_projectUrl`, `field_headline`, `dateCreated`, `dateUpdated`, `uid`) VALUES ('57', '63', 'en_us', 'Full Sail University\'s Custom YouTube Channel', NULL, 'Full Sail University\'s Custom YouTube Channel', '<p>Created the 2012 W3 Gold award-winning custom YouTube channel for Full Sail University and internal web application to create playlists of videos for each section. (No longer available.)</p>', '', NULL, '2015-06-09 01:24:46', '2015-06-09 01:53:05', 'cc55662b-fa9a-4ac2-a464-0636b1efd9f9');
INSERT INTO `cft_content` (`id`, `elementId`, `locale`, `title`, `field_body`, `field_projectTitle`, `field_projectDescription`, `field_projectUrl`, `field_headline`, `dateCreated`, `dateUpdated`, `uid`) VALUES ('58', '64', 'en_us', 'Twig', NULL, NULL, NULL, NULL, NULL, '2015-06-09 01:44:35', '2015-06-09 01:44:35', '6a7205af-99de-4811-ad23-fa79a6de6bde');
INSERT INTO `cft_content` (`id`, `elementId`, `locale`, `title`, `field_body`, `field_projectTitle`, `field_projectDescription`, `field_projectUrl`, `field_headline`, `dateCreated`, `dateUpdated`, `uid`) VALUES ('59', '65', 'en_us', 'JavaScript', NULL, NULL, NULL, NULL, NULL, '2015-06-09 01:44:58', '2015-06-09 01:44:58', 'a8073a46-aa57-420a-8343-74cf669f2141');
INSERT INTO `cft_content` (`id`, `elementId`, `locale`, `title`, `field_body`, `field_projectTitle`, `field_projectDescription`, `field_projectUrl`, `field_headline`, `dateCreated`, `dateUpdated`, `uid`) VALUES ('60', '66', 'en_us', 'Shell Scripts', NULL, NULL, NULL, NULL, NULL, '2015-06-09 01:45:02', '2015-06-09 01:45:02', '1af4b1bc-6296-482d-a715-b90b542b8235');
INSERT INTO `cft_content` (`id`, `elementId`, `locale`, `title`, `field_body`, `field_projectTitle`, `field_projectDescription`, `field_projectUrl`, `field_headline`, `dateCreated`, `dateUpdated`, `uid`) VALUES ('61', '67', 'en_us', 'Web Design', NULL, NULL, NULL, NULL, NULL, '2015-06-09 01:45:08', '2015-06-09 01:45:08', '703bd7be-827d-4ed2-8d41-d24b75015caa');
INSERT INTO `cft_content` (`id`, `elementId`, `locale`, `title`, `field_body`, `field_projectTitle`, `field_projectDescription`, `field_projectUrl`, `field_headline`, `dateCreated`, `dateUpdated`, `uid`) VALUES ('62', '68', 'en_us', 'FuseBox', NULL, NULL, NULL, NULL, NULL, '2015-06-09 01:47:08', '2015-06-09 01:47:08', '03f38a6c-8a4f-4e26-8144-ad995fbd9fc0');
INSERT INTO `cft_content` (`id`, `elementId`, `locale`, `title`, `field_body`, `field_projectTitle`, `field_projectDescription`, `field_projectUrl`, `field_headline`, `dateCreated`, `dateUpdated`, `uid`) VALUES ('63', '69', 'en_us', 'Alfresco', NULL, NULL, NULL, NULL, NULL, '2015-06-09 01:47:10', '2015-06-09 01:47:10', '93e974d0-eb49-42a9-81ce-64e8ae229a9f');
INSERT INTO `cft_content` (`id`, `elementId`, `locale`, `title`, `field_body`, `field_projectTitle`, `field_projectDescription`, `field_projectUrl`, `field_headline`, `dateCreated`, `dateUpdated`, `uid`) VALUES ('64', '70', 'en_us', 'XML', NULL, NULL, NULL, NULL, NULL, '2015-06-09 01:47:12', '2015-06-09 01:47:12', '2f42fc92-2fde-480b-8e87-e0ac1c8feab0');
INSERT INTO `cft_content` (`id`, `elementId`, `locale`, `title`, `field_body`, `field_projectTitle`, `field_projectDescription`, `field_projectUrl`, `field_headline`, `dateCreated`, `dateUpdated`, `uid`) VALUES ('65', '71', 'en_us', 'Social APIs', NULL, NULL, NULL, NULL, NULL, '2015-06-09 01:47:18', '2015-06-09 01:47:18', 'a9c64008-a31a-4f7b-8953-03e029115ca7');
INSERT INTO `cft_content` (`id`, `elementId`, `locale`, `title`, `field_body`, `field_projectTitle`, `field_projectDescription`, `field_projectUrl`, `field_headline`, `dateCreated`, `dateUpdated`, `uid`) VALUES ('66', '72', 'en_us', 'mod_rewrite', NULL, NULL, NULL, NULL, NULL, '2015-06-09 01:47:24', '2015-06-09 01:47:24', '79cf9263-d040-4377-90a3-11c8c7a63b3c');
INSERT INTO `cft_content` (`id`, `elementId`, `locale`, `title`, `field_body`, `field_projectTitle`, `field_projectDescription`, `field_projectUrl`, `field_headline`, `dateCreated`, `dateUpdated`, `uid`) VALUES ('67', '73', 'en_us', 'Load-balanced Deployments', NULL, NULL, NULL, NULL, NULL, '2015-06-09 01:47:43', '2015-06-09 01:47:43', 'ee3fcb1c-66ab-4b4e-9cfd-fbe711b80ad2');
INSERT INTO `cft_content` (`id`, `elementId`, `locale`, `title`, `field_body`, `field_projectTitle`, `field_projectDescription`, `field_projectUrl`, `field_headline`, `dateCreated`, `dateUpdated`, `uid`) VALUES ('68', '74', 'en_us', 'Framework One', NULL, NULL, NULL, NULL, NULL, '2015-06-09 01:49:48', '2015-06-09 01:49:48', 'dffdf470-39d5-41b6-bd9b-cb6260b978bf');
INSERT INTO `cft_content` (`id`, `elementId`, `locale`, `title`, `field_body`, `field_projectTitle`, `field_projectDescription`, `field_projectUrl`, `field_headline`, `dateCreated`, `dateUpdated`, `uid`) VALUES ('69', '75', 'en_us', 'MVC', NULL, NULL, NULL, NULL, NULL, '2015-06-09 01:50:09', '2015-06-09 01:50:09', '5329305e-f910-4470-8daf-55b61b41df50');
INSERT INTO `cft_content` (`id`, `elementId`, `locale`, `title`, `field_body`, `field_projectTitle`, `field_projectDescription`, `field_projectUrl`, `field_headline`, `dateCreated`, `dateUpdated`, `uid`) VALUES ('70', '76', 'en_us', 'ORM', NULL, NULL, NULL, NULL, NULL, '2015-06-09 01:50:16', '2015-06-09 01:50:16', '6958ebe9-9b74-475b-8ae3-a3633327ef3c');
INSERT INTO `cft_content` (`id`, `elementId`, `locale`, `title`, `field_body`, `field_projectTitle`, `field_projectDescription`, `field_projectUrl`, `field_headline`, `dateCreated`, `dateUpdated`, `uid`) VALUES ('71', '77', 'en_us', 'AJAX', NULL, NULL, NULL, NULL, NULL, '2015-06-09 01:50:41', '2015-06-09 01:50:41', 'ed815509-cabd-491c-87e3-32d5452f7661');
INSERT INTO `cft_content` (`id`, `elementId`, `locale`, `title`, `field_body`, `field_projectTitle`, `field_projectDescription`, `field_projectUrl`, `field_headline`, `dateCreated`, `dateUpdated`, `uid`) VALUES ('72', '78', 'en_us', 'MSSQL', NULL, NULL, NULL, NULL, NULL, '2015-06-09 01:50:54', '2015-06-09 01:50:54', 'dbbc938d-5d19-42e0-805d-45d21e0e37bc');
INSERT INTO `cft_content` (`id`, `elementId`, `locale`, `title`, `field_body`, `field_projectTitle`, `field_projectDescription`, `field_projectUrl`, `field_headline`, `dateCreated`, `dateUpdated`, `uid`) VALUES ('73', '79', 'en_us', 'YouTube API', NULL, NULL, NULL, NULL, NULL, '2015-06-09 01:52:48', '2015-06-09 01:52:48', '635f3f9f-3109-4119-ac92-cd05ff8c39a6');



DROP TABLE IF EXISTS `cft_deprecationerrors`;


--
-- Schema for table `cft_deprecationerrors`
--
CREATE TABLE `cft_deprecationerrors` (
  `id` int(11) NOT NULL AUTO_INCREMENT,
  `key` varchar(255) COLLATE utf8_unicode_ci NOT NULL,
  `fingerprint` varchar(255) COLLATE utf8_unicode_ci NOT NULL,
  `lastOccurrence` datetime NOT NULL,
  `file` varchar(255) COLLATE utf8_unicode_ci NOT NULL,
  `line` smallint(6) unsigned NOT NULL,
  `class` varchar(255) COLLATE utf8_unicode_ci DEFAULT NULL,
  `method` varchar(255) COLLATE utf8_unicode_ci DEFAULT NULL,
  `template` varchar(255) COLLATE utf8_unicode_ci DEFAULT NULL,
  `templateLine` smallint(6) unsigned DEFAULT NULL,
  `message` varchar(255) COLLATE utf8_unicode_ci DEFAULT NULL,
  `traces` text COLLATE utf8_unicode_ci,
  `dateCreated` datetime NOT NULL,
  `dateUpdated` datetime NOT NULL,
  `uid` char(36) COLLATE utf8_unicode_ci NOT NULL DEFAULT '0',
  PRIMARY KEY (`id`),
  UNIQUE KEY `cft_deprecationerrors_key_fingerprint_unq_idx` (`key`,`fingerprint`)
) ENGINE=InnoDB DEFAULT CHARSET=utf8 COLLATE=utf8_unicode_ci;

DROP TABLE IF EXISTS `cft_elements`;


--
-- Schema for table `cft_elements`
--
CREATE TABLE `cft_elements` (
  `id` int(11) NOT NULL AUTO_INCREMENT,
  `type` varchar(150) COLLATE utf8_unicode_ci NOT NULL,
  `enabled` tinyint(1) unsigned NOT NULL DEFAULT '1',
  `archived` tinyint(1) unsigned NOT NULL DEFAULT '0',
  `dateCreated` datetime NOT NULL,
  `dateUpdated` datetime NOT NULL,
  `uid` char(36) COLLATE utf8_unicode_ci NOT NULL DEFAULT '0',
  PRIMARY KEY (`id`),
  KEY `cft_elements_type_idx` (`type`),
  KEY `cft_elements_enabled_idx` (`enabled`),
  KEY `cft_elements_archived_dateCreated_idx` (`archived`,`dateCreated`)
) ENGINE=InnoDB AUTO_INCREMENT=80 DEFAULT CHARSET=utf8 COLLATE=utf8_unicode_ci;

--
-- Data for table `cft_elements`
--

INSERT INTO `cft_elements` (`id`, `type`, `enabled`, `archived`, `dateCreated`, `dateUpdated`, `uid`) VALUES ('1', 'User', '1', '0', '2015-03-28 16:39:35', '2015-06-09 03:04:03', '83638a3f-8607-46e9-a81c-161e682ba87b');
INSERT INTO `cft_elements` (`id`, `type`, `enabled`, `archived`, `dateCreated`, `dateUpdated`, `uid`) VALUES ('2', 'Entry', '1', '0', '2015-03-28 16:39:37', '2015-06-09 01:30:31', 'a5825e67-ee70-480e-9379-bdfc7cc3132a');
INSERT INTO `cft_elements` (`id`, `type`, `enabled`, `archived`, `dateCreated`, `dateUpdated`, `uid`) VALUES ('4', 'Entry', '1', '0', '2015-03-28 17:15:55', '2015-06-09 01:54:04', 'd74aad7a-ffa7-42ff-8ce8-37bad2a10fb3');
INSERT INTO `cft_elements` (`id`, `type`, `enabled`, `archived`, `dateCreated`, `dateUpdated`, `uid`) VALUES ('6', 'Asset', '1', '0', '2015-03-28 17:25:25', '2015-06-09 01:41:13', '3e4b0caa-09fd-4013-9342-8cc67bff8e1f');
INSERT INTO `cft_elements` (`id`, `type`, `enabled`, `archived`, `dateCreated`, `dateUpdated`, `uid`) VALUES ('7', 'Asset', '1', '0', '2015-03-28 17:25:47', '2015-06-09 01:41:12', '5dcd787f-a7f6-4102-84e7-2ea6ca0363ef');
INSERT INTO `cft_elements` (`id`, `type`, `enabled`, `archived`, `dateCreated`, `dateUpdated`, `uid`) VALUES ('8', 'Asset', '1', '0', '2015-03-28 17:25:48', '2015-06-09 01:41:13', '6a14484d-7962-4d83-9e5e-f454ab00a42f');
INSERT INTO `cft_elements` (`id`, `type`, `enabled`, `archived`, `dateCreated`, `dateUpdated`, `uid`) VALUES ('9', 'Asset', '1', '0', '2015-03-28 17:25:49', '2015-06-09 01:41:13', '42383163-25fe-4ff8-a7a4-c30eaa13af85');
INSERT INTO `cft_elements` (`id`, `type`, `enabled`, `archived`, `dateCreated`, `dateUpdated`, `uid`) VALUES ('11', 'Asset', '1', '0', '2015-03-28 17:25:49', '2015-06-09 01:41:13', '841e878f-c8f2-46ec-88c3-5b17c2e15d5e');
INSERT INTO `cft_elements` (`id`, `type`, `enabled`, `archived`, `dateCreated`, `dateUpdated`, `uid`) VALUES ('12', 'Asset', '1', '0', '2015-03-28 17:25:50', '2015-06-09 01:41:13', '21cb940f-fb8f-4208-bc2d-e072c88aa59e');
INSERT INTO `cft_elements` (`id`, `type`, `enabled`, `archived`, `dateCreated`, `dateUpdated`, `uid`) VALUES ('13', 'Asset', '1', '0', '2015-03-28 17:25:50', '2015-06-09 01:41:14', '124bd103-b2ca-4ae8-98b5-79fbcfd43c2a');
INSERT INTO `cft_elements` (`id`, `type`, `enabled`, `archived`, `dateCreated`, `dateUpdated`, `uid`) VALUES ('14', 'Asset', '1', '0', '2015-03-28 17:25:51', '2015-06-09 01:41:14', 'f55b8cf4-6f2c-4e2f-be1c-d7638bd69f4f');
INSERT INTO `cft_elements` (`id`, `type`, `enabled`, `archived`, `dateCreated`, `dateUpdated`, `uid`) VALUES ('23', 'Tag', '1', '0', '2015-03-28 18:01:21', '2015-03-28 18:01:21', '0a570726-9d1f-45af-a62e-8c6bad8a184e');
INSERT INTO `cft_elements` (`id`, `type`, `enabled`, `archived`, `dateCreated`, `dateUpdated`, `uid`) VALUES ('24', 'Tag', '1', '0', '2015-03-28 18:01:27', '2015-03-28 18:01:27', '351485e4-8760-442d-8f37-8fabe50f0cb5');
INSERT INTO `cft_elements` (`id`, `type`, `enabled`, `archived`, `dateCreated`, `dateUpdated`, `uid`) VALUES ('25', 'Tag', '1', '0', '2015-03-28 18:01:37', '2015-03-28 18:01:37', '93728e6a-942b-4913-b954-d95ff214ff31');
INSERT INTO `cft_elements` (`id`, `type`, `enabled`, `archived`, `dateCreated`, `dateUpdated`, `uid`) VALUES ('26', 'Entry', '1', '0', '2015-03-28 18:01:45', '2015-06-09 01:48:11', '51a92dd3-53c0-4eb2-8167-e76c546415ca');
INSERT INTO `cft_elements` (`id`, `type`, `enabled`, `archived`, `dateCreated`, `dateUpdated`, `uid`) VALUES ('27', 'Asset', '1', '0', '2015-03-28 18:26:19', '2015-06-09 01:41:16', 'd1b372d0-c168-4194-a551-64f3c2724c51');
INSERT INTO `cft_elements` (`id`, `type`, `enabled`, `archived`, `dateCreated`, `dateUpdated`, `uid`) VALUES ('28', 'Asset', '1', '0', '2015-03-28 18:26:29', '2015-06-09 01:41:15', 'b616af01-bacf-4a0f-b838-29b9c9a5027e');
INSERT INTO `cft_elements` (`id`, `type`, `enabled`, `archived`, `dateCreated`, `dateUpdated`, `uid`) VALUES ('29', 'MatrixBlock', '1', '0', '2015-03-28 18:39:23', '2015-06-09 01:30:31', '41c1ed01-6229-499a-a024-3d9cc0935250');
INSERT INTO `cft_elements` (`id`, `type`, `enabled`, `archived`, `dateCreated`, `dateUpdated`, `uid`) VALUES ('30', 'MatrixBlock', '1', '0', '2015-03-28 18:39:23', '2015-06-09 01:30:31', '2e4b1f10-0afc-482e-aeb9-b0abcf4661e8');
INSERT INTO `cft_elements` (`id`, `type`, `enabled`, `archived`, `dateCreated`, `dateUpdated`, `uid`) VALUES ('31', 'MatrixBlock', '1', '0', '2015-03-28 18:39:23', '2015-06-09 01:30:31', '1d3d6a58-a528-42c9-8756-8253f04c8df7');
INSERT INTO `cft_elements` (`id`, `type`, `enabled`, `archived`, `dateCreated`, `dateUpdated`, `uid`) VALUES ('32', 'Tag', '1', '0', '2015-03-28 19:00:19', '2015-03-28 19:00:19', '7d2a4e33-ecaa-43e5-8e66-61705efab1e9');
INSERT INTO `cft_elements` (`id`, `type`, `enabled`, `archived`, `dateCreated`, `dateUpdated`, `uid`) VALUES ('33', 'Tag', '1', '0', '2015-03-28 19:00:32', '2015-03-28 19:00:32', '831b4fea-e800-49f0-889b-b9b86aa31b5b');
INSERT INTO `cft_elements` (`id`, `type`, `enabled`, `archived`, `dateCreated`, `dateUpdated`, `uid`) VALUES ('34', 'Tag', '1', '0', '2015-03-28 19:00:36', '2015-03-28 19:00:36', 'bf2dac59-9e81-4760-9de7-690de6cfdba5');
INSERT INTO `cft_elements` (`id`, `type`, `enabled`, `archived`, `dateCreated`, `dateUpdated`, `uid`) VALUES ('35', 'Tag', '1', '0', '2015-03-28 19:00:41', '2015-03-28 19:00:41', 'b22891f0-d27c-47b2-a3a9-287ce3cf1c1e');
INSERT INTO `cft_elements` (`id`, `type`, `enabled`, `archived`, `dateCreated`, `dateUpdated`, `uid`) VALUES ('36', 'Entry', '1', '0', '2015-03-28 19:05:47', '2015-06-09 01:53:29', '3d1ba696-51c4-463b-bb75-d10dd7cec72e');
INSERT INTO `cft_elements` (`id`, `type`, `enabled`, `archived`, `dateCreated`, `dateUpdated`, `uid`) VALUES ('43', 'Tag', '1', '0', '2015-06-09 01:14:02', '2015-06-09 01:14:02', 'b5bae93c-21aa-43e2-b0d6-fa56544e6397');
INSERT INTO `cft_elements` (`id`, `type`, `enabled`, `archived`, `dateCreated`, `dateUpdated`, `uid`) VALUES ('44', 'Entry', '1', '0', '2015-06-09 01:15:07', '2015-06-09 01:46:40', '9442e827-d48d-47c9-992f-2cb2b0edc613');
INSERT INTO `cft_elements` (`id`, `type`, `enabled`, `archived`, `dateCreated`, `dateUpdated`, `uid`) VALUES ('45', 'Asset', '1', '0', '2015-06-09 01:16:50', '2015-06-09 01:41:14', 'c6af9624-db70-420e-87eb-a875ccb781eb');
INSERT INTO `cft_elements` (`id`, `type`, `enabled`, `archived`, `dateCreated`, `dateUpdated`, `uid`) VALUES ('46', 'Asset', '1', '0', '2015-06-09 01:16:51', '2015-06-09 01:41:14', 'e11acba9-a38e-44a9-b3c6-f9ebfc23cf39');
INSERT INTO `cft_elements` (`id`, `type`, `enabled`, `archived`, `dateCreated`, `dateUpdated`, `uid`) VALUES ('47', 'Asset', '1', '0', '2015-06-09 01:16:52', '2015-06-09 01:41:14', 'cbe5359a-104c-45f6-ba3a-e91e148e909a');
INSERT INTO `cft_elements` (`id`, `type`, `enabled`, `archived`, `dateCreated`, `dateUpdated`, `uid`) VALUES ('48', 'Asset', '1', '0', '2015-06-09 01:16:54', '2015-06-09 01:41:14', '2d20b39c-e6f0-474d-a226-ace0ff63df0f');
INSERT INTO `cft_elements` (`id`, `type`, `enabled`, `archived`, `dateCreated`, `dateUpdated`, `uid`) VALUES ('49', 'Asset', '1', '0', '2015-06-09 01:16:55', '2015-06-09 01:41:14', 'da01c5a3-a0eb-4b8a-bc1f-945d69e992f3');
INSERT INTO `cft_elements` (`id`, `type`, `enabled`, `archived`, `dateCreated`, `dateUpdated`, `uid`) VALUES ('50', 'Asset', '1', '0', '2015-06-09 01:16:57', '2015-06-09 01:41:15', '4a003af6-2b37-4ab6-9791-dbca28fced44');
INSERT INTO `cft_elements` (`id`, `type`, `enabled`, `archived`, `dateCreated`, `dateUpdated`, `uid`) VALUES ('51', 'Asset', '1', '0', '2015-06-09 01:16:58', '2015-06-09 01:41:15', '5bbb66d2-e53a-42dc-bb3e-cf9f269a219e');
INSERT INTO `cft_elements` (`id`, `type`, `enabled`, `archived`, `dateCreated`, `dateUpdated`, `uid`) VALUES ('52', 'Asset', '1', '0', '2015-06-09 01:17:00', '2015-06-09 01:41:15', 'c199b015-3800-4dee-8e0b-ca4c36cd6a76');
INSERT INTO `cft_elements` (`id`, `type`, `enabled`, `archived`, `dateCreated`, `dateUpdated`, `uid`) VALUES ('53', 'Asset', '1', '0', '2015-06-09 01:17:01', '2015-06-09 01:41:15', 'aff8fc70-55fe-41bc-bff6-e6a6ec10d308');
INSERT INTO `cft_elements` (`id`, `type`, `enabled`, `archived`, `dateCreated`, `dateUpdated`, `uid`) VALUES ('54', 'Asset', '1', '0', '2015-06-09 01:17:03', '2015-06-09 01:41:15', '30aa74d8-e5a1-4c8d-abd8-9586fbc5976b');
INSERT INTO `cft_elements` (`id`, `type`, `enabled`, `archived`, `dateCreated`, `dateUpdated`, `uid`) VALUES ('56', 'Asset', '1', '0', '2015-06-09 01:20:31', '2015-06-09 01:41:12', 'e05040eb-91b5-48f2-9234-9a26385c5355');
INSERT INTO `cft_elements` (`id`, `type`, `enabled`, `archived`, `dateCreated`, `dateUpdated`, `uid`) VALUES ('57', 'Asset', '1', '0', '2015-06-09 01:20:32', '2015-06-09 01:41:13', '60600582-e096-42f0-b9b5-6152cc1102a8');
INSERT INTO `cft_elements` (`id`, `type`, `enabled`, `archived`, `dateCreated`, `dateUpdated`, `uid`) VALUES ('59', 'Entry', '1', '0', '2015-06-09 01:21:58', '2015-06-09 01:45:10', 'c7bd3326-e7bf-4cee-aee7-7b731eda11ce');
INSERT INTO `cft_elements` (`id`, `type`, `enabled`, `archived`, `dateCreated`, `dateUpdated`, `uid`) VALUES ('60', 'Entry', '1', '0', '2015-06-09 01:22:44', '2015-06-09 01:49:33', '6860ae8b-9672-4066-9809-390e9905c38c');
INSERT INTO `cft_elements` (`id`, `type`, `enabled`, `archived`, `dateCreated`, `dateUpdated`, `uid`) VALUES ('61', 'Tag', '1', '0', '2015-06-09 01:23:34', '2015-06-09 01:23:34', '2d6a64fd-17b1-4eb5-8ea0-a2b8585b615d');
INSERT INTO `cft_elements` (`id`, `type`, `enabled`, `archived`, `dateCreated`, `dateUpdated`, `uid`) VALUES ('62', 'Entry', '1', '0', '2015-06-09 01:23:38', '2015-06-09 01:51:23', 'cdccbcfb-0a46-4f95-8441-120e8947ff4b');
INSERT INTO `cft_elements` (`id`, `type`, `enabled`, `archived`, `dateCreated`, `dateUpdated`, `uid`) VALUES ('63', 'Entry', '1', '0', '2015-06-09 01:24:46', '2015-06-09 01:53:05', '433dda88-55d6-4e82-922b-df650f749754');
INSERT INTO `cft_elements` (`id`, `type`, `enabled`, `archived`, `dateCreated`, `dateUpdated`, `uid`) VALUES ('64', 'Tag', '1', '0', '2015-06-09 01:44:35', '2015-06-09 01:44:35', 'da54c8e5-9e71-445b-b565-022c3247fd25');
INSERT INTO `cft_elements` (`id`, `type`, `enabled`, `archived`, `dateCreated`, `dateUpdated`, `uid`) VALUES ('65', 'Tag', '1', '0', '2015-06-09 01:44:58', '2015-06-09 01:44:58', '5442d6d3-7c36-457f-9ef2-bfa981911fb7');
INSERT INTO `cft_elements` (`id`, `type`, `enabled`, `archived`, `dateCreated`, `dateUpdated`, `uid`) VALUES ('66', 'Tag', '1', '0', '2015-06-09 01:45:02', '2015-06-09 01:45:02', '3fccfed4-b17c-4e44-a9dd-9d77f594f939');
INSERT INTO `cft_elements` (`id`, `type`, `enabled`, `archived`, `dateCreated`, `dateUpdated`, `uid`) VALUES ('67', 'Tag', '1', '0', '2015-06-09 01:45:08', '2015-06-09 01:45:08', 'fbe7cdde-e02a-4d13-b360-a84d833f5332');
INSERT INTO `cft_elements` (`id`, `type`, `enabled`, `archived`, `dateCreated`, `dateUpdated`, `uid`) VALUES ('68', 'Tag', '1', '0', '2015-06-09 01:47:08', '2015-06-09 01:47:08', 'a219497e-64f8-4c75-917c-d4df8f3897e7');
INSERT INTO `cft_elements` (`id`, `type`, `enabled`, `archived`, `dateCreated`, `dateUpdated`, `uid`) VALUES ('69', 'Tag', '1', '0', '2015-06-09 01:47:10', '2015-06-09 01:47:10', 'a7a3a162-2a5d-43c5-b9ae-a172c6f05d18');
INSERT INTO `cft_elements` (`id`, `type`, `enabled`, `archived`, `dateCreated`, `dateUpdated`, `uid`) VALUES ('70', 'Tag', '1', '0', '2015-06-09 01:47:12', '2015-06-09 01:47:12', 'a20868f4-7294-441a-8743-277c6f76c1ac');
INSERT INTO `cft_elements` (`id`, `type`, `enabled`, `archived`, `dateCreated`, `dateUpdated`, `uid`) VALUES ('71', 'Tag', '1', '0', '2015-06-09 01:47:18', '2015-06-09 01:47:18', '391a0950-5783-4030-9edf-a4836a579ff8');
INSERT INTO `cft_elements` (`id`, `type`, `enabled`, `archived`, `dateCreated`, `dateUpdated`, `uid`) VALUES ('72', 'Tag', '1', '0', '2015-06-09 01:47:24', '2015-06-09 01:47:24', 'fc16a775-075f-438f-a9dc-b79f49f4af34');
INSERT INTO `cft_elements` (`id`, `type`, `enabled`, `archived`, `dateCreated`, `dateUpdated`, `uid`) VALUES ('73', 'Tag', '1', '0', '2015-06-09 01:47:43', '2015-06-09 01:47:43', '411507f7-8861-4eeb-9416-348339e02ac4');
INSERT INTO `cft_elements` (`id`, `type`, `enabled`, `archived`, `dateCreated`, `dateUpdated`, `uid`) VALUES ('74', 'Tag', '1', '0', '2015-06-09 01:49:48', '2015-06-09 01:49:48', '8b4412c8-05eb-4965-abe4-669e77396992');
INSERT INTO `cft_elements` (`id`, `type`, `enabled`, `archived`, `dateCreated`, `dateUpdated`, `uid`) VALUES ('75', 'Tag', '1', '0', '2015-06-09 01:50:09', '2015-06-09 01:50:09', '2f8c3320-a194-4e60-962e-347289e40471');
INSERT INTO `cft_elements` (`id`, `type`, `enabled`, `archived`, `dateCreated`, `dateUpdated`, `uid`) VALUES ('76', 'Tag', '1', '0', '2015-06-09 01:50:16', '2015-06-09 01:50:16', 'fcbadee0-a94a-4ff2-a265-965052e9df8c');
INSERT INTO `cft_elements` (`id`, `type`, `enabled`, `archived`, `dateCreated`, `dateUpdated`, `uid`) VALUES ('77', 'Tag', '1', '0', '2015-06-09 01:50:41', '2015-06-09 01:50:41', 'd0c94f42-a7ca-49ef-9c29-4f87ebfe5a2f');
INSERT INTO `cft_elements` (`id`, `type`, `enabled`, `archived`, `dateCreated`, `dateUpdated`, `uid`) VALUES ('78', 'Tag', '1', '0', '2015-06-09 01:50:54', '2015-06-09 01:50:54', '278d530e-4f86-4355-885e-d2bdabdd5f9a');
INSERT INTO `cft_elements` (`id`, `type`, `enabled`, `archived`, `dateCreated`, `dateUpdated`, `uid`) VALUES ('79', 'Tag', '1', '0', '2015-06-09 01:52:48', '2015-06-09 01:52:48', 'af71fbd5-e79e-4e31-8b4e-66f3d29eb18b');



DROP TABLE IF EXISTS `cft_elements_i18n`;


--
-- Schema for table `cft_elements_i18n`
--
CREATE TABLE `cft_elements_i18n` (
  `id` int(11) NOT NULL AUTO_INCREMENT,
  `elementId` int(11) NOT NULL,
  `locale` char(12) COLLATE utf8_unicode_ci NOT NULL,
  `slug` varchar(255) COLLATE utf8_unicode_ci DEFAULT NULL,
  `uri` varchar(255) COLLATE utf8_unicode_ci DEFAULT NULL,
  `enabled` tinyint(1) unsigned NOT NULL DEFAULT '1',
  `dateCreated` datetime NOT NULL,
  `dateUpdated` datetime NOT NULL,
  `uid` char(36) COLLATE utf8_unicode_ci NOT NULL DEFAULT '0',
  PRIMARY KEY (`id`),
  UNIQUE KEY `cft_elements_i18n_elementId_locale_unq_idx` (`elementId`,`locale`),
  UNIQUE KEY `cft_elements_i18n_uri_locale_unq_idx` (`uri`,`locale`),
  KEY `cft_elements_i18n_slug_locale_idx` (`slug`,`locale`),
  KEY `cft_elements_i18n_enabled_idx` (`enabled`),
  KEY `cft_elements_i18n_locale_fk` (`locale`)
) ENGINE=InnoDB AUTO_INCREMENT=80 DEFAULT CHARSET=utf8 COLLATE=utf8_unicode_ci;

--
-- Data for table `cft_elements_i18n`
--

INSERT INTO `cft_elements_i18n` (`id`, `elementId`, `locale`, `slug`, `uri`, `enabled`, `dateCreated`, `dateUpdated`, `uid`) VALUES ('1', '1', 'en_us', '', NULL, '1', '2015-03-28 16:39:35', '2015-06-09 03:04:03', 'f684a93c-ee86-46d9-96d3-e626ffbea1dc');
INSERT INTO `cft_elements_i18n` (`id`, `elementId`, `locale`, `slug`, `uri`, `enabled`, `dateCreated`, `dateUpdated`, `uid`) VALUES ('2', '2', 'en_us', 'homepage', '__home__', '1', '2015-03-28 16:39:37', '2015-06-09 01:30:31', '0934086e-faf0-49ce-929b-0ae1db7fbf6d');
INSERT INTO `cft_elements_i18n` (`id`, `elementId`, `locale`, `slug`, `uri`, `enabled`, `dateCreated`, `dateUpdated`, `uid`) VALUES ('4', '4', 'en_us', 'full-sail-university', NULL, '1', '2015-03-28 17:15:55', '2015-06-09 01:54:04', 'd832919a-4d81-43cd-9c29-1549be25c5d4');
INSERT INTO `cft_elements_i18n` (`id`, `elementId`, `locale`, `slug`, `uri`, `enabled`, `dateCreated`, `dateUpdated`, `uid`) VALUES ('6', '6', 'en_us', 'bg-fullsail', NULL, '1', '2015-03-28 17:25:25', '2015-06-09 01:41:13', 'd4bdda52-dc8b-4fdc-ad50-194974e29b5a');
INSERT INTO `cft_elements_i18n` (`id`, `elementId`, `locale`, `slug`, `uri`, `enabled`, `dateCreated`, `dateUpdated`, `uid`) VALUES ('7', '7', 'en_us', 'bg-acs', NULL, '1', '2015-03-28 17:25:47', '2015-06-09 01:41:13', 'e6d55c6f-1a24-4a59-8282-b075c46fde0d');
INSERT INTO `cft_elements_i18n` (`id`, `elementId`, `locale`, `slug`, `uri`, `enabled`, `dateCreated`, `dateUpdated`, `uid`) VALUES ('8', '8', 'en_us', 'bg-boggycreek', NULL, '1', '2015-03-28 17:25:48', '2015-06-09 01:41:13', '3792ab14-9b65-40d4-9dd4-78fc654de32c');
INSERT INTO `cft_elements_i18n` (`id`, `elementId`, `locale`, `slug`, `uri`, `enabled`, `dateCreated`, `dateUpdated`, `uid`) VALUES ('9', '9', 'en_us', 'bg-fsblog', NULL, '1', '2015-03-28 17:25:49', '2015-06-09 01:41:13', '070f26c0-1b8d-46ad-8300-c97127cbb7c0');
INSERT INTO `cft_elements_i18n` (`id`, `elementId`, `locale`, `slug`, `uri`, `enabled`, `dateCreated`, `dateUpdated`, `uid`) VALUES ('11', '11', 'en_us', 'bg-gamedesign', NULL, '1', '2015-03-28 17:25:50', '2015-06-09 01:41:13', '2c308da9-0e17-4fa2-aa14-be0f83f37440');
INSERT INTO `cft_elements_i18n` (`id`, `elementId`, `locale`, `slug`, `uri`, `enabled`, `dateCreated`, `dateUpdated`, `uid`) VALUES ('12', '12', 'en_us', 'bg-maxfitness', NULL, '1', '2015-03-28 17:25:50', '2015-06-09 01:41:13', 'e8d33e05-1f01-42ef-a0b7-257101ea3406');
INSERT INTO `cft_elements_i18n` (`id`, `elementId`, `locale`, `slug`, `uri`, `enabled`, `dateCreated`, `dateUpdated`, `uid`) VALUES ('13', '13', 'en_us', 'bg-mobileart', NULL, '1', '2015-03-28 17:25:50', '2015-06-09 01:41:14', '8fbb7641-71c3-4202-9955-c6bf345c9ad3');
INSERT INTO `cft_elements_i18n` (`id`, `elementId`, `locale`, `slug`, `uri`, `enabled`, `dateCreated`, `dateUpdated`, `uid`) VALUES ('14', '14', 'en_us', 'bg-youtube', NULL, '1', '2015-03-28 17:25:51', '2015-06-09 01:41:14', 'a9953d70-60fd-46ec-a9b0-b5d7dcd172c1');
INSERT INTO `cft_elements_i18n` (`id`, `elementId`, `locale`, `slug`, `uri`, `enabled`, `dateCreated`, `dateUpdated`, `uid`) VALUES ('23', '23', 'en_us', 'php', NULL, '1', '2015-03-28 18:01:21', '2015-03-28 18:01:21', '48a14868-8083-4931-9d52-d3179c542142');
INSERT INTO `cft_elements_i18n` (`id`, `elementId`, `locale`, `slug`, `uri`, `enabled`, `dateCreated`, `dateUpdated`, `uid`) VALUES ('24', '24', 'en_us', 'mysql', NULL, '1', '2015-03-28 18:01:27', '2015-03-28 18:01:27', '6cb3fb1e-e9b5-4a06-95a4-32f5c2dfa560');
INSERT INTO `cft_elements_i18n` (`id`, `elementId`, `locale`, `slug`, `uri`, `enabled`, `dateCreated`, `dateUpdated`, `uid`) VALUES ('25', '25', 'en_us', 'wordpress', NULL, '1', '2015-03-28 18:01:37', '2015-03-28 18:01:37', 'a03a567f-d996-49a9-b09f-33408d1e0a43');
INSERT INTO `cft_elements_i18n` (`id`, `elementId`, `locale`, `slug`, `uri`, `enabled`, `dateCreated`, `dateUpdated`, `uid`) VALUES ('26', '26', 'en_us', 'full-sail-blog', NULL, '1', '2015-03-28 18:01:45', '2015-06-09 01:48:11', 'eb353c4e-7d94-4072-9dcf-f6f1bd8cd44d');
INSERT INTO `cft_elements_i18n` (`id`, `elementId`, `locale`, `slug`, `uri`, `enabled`, `dateCreated`, `dateUpdated`, `uid`) VALUES ('27', '27', 'en_us', 'feature', NULL, '1', '2015-03-28 18:26:19', '2015-06-09 01:41:16', '025458fb-1e27-4f90-91c2-18806a589ca1');
INSERT INTO `cft_elements_i18n` (`id`, `elementId`, `locale`, `slug`, `uri`, `enabled`, `dateCreated`, `dateUpdated`, `uid`) VALUES ('28', '28', 'en_us', 'alexvanholtzresume', NULL, '1', '2015-03-28 18:26:29', '2015-06-09 01:41:16', 'a8fa8788-448e-4b45-9b77-cf88ec343225');
INSERT INTO `cft_elements_i18n` (`id`, `elementId`, `locale`, `slug`, `uri`, `enabled`, `dateCreated`, `dateUpdated`, `uid`) VALUES ('29', '29', 'en_us', '', NULL, '1', '2015-03-28 18:39:23', '2015-06-09 01:30:31', 'df76700f-719c-492c-b56c-9214d69ff68b');
INSERT INTO `cft_elements_i18n` (`id`, `elementId`, `locale`, `slug`, `uri`, `enabled`, `dateCreated`, `dateUpdated`, `uid`) VALUES ('30', '30', 'en_us', '', NULL, '1', '2015-03-28 18:39:23', '2015-06-09 01:30:31', 'b68a80e9-6d94-444c-8233-d80b77fa50f5');
INSERT INTO `cft_elements_i18n` (`id`, `elementId`, `locale`, `slug`, `uri`, `enabled`, `dateCreated`, `dateUpdated`, `uid`) VALUES ('31', '31', 'en_us', '', NULL, '1', '2015-03-28 18:39:23', '2015-06-09 01:30:31', 'e641e1f6-9265-40b3-8aea-9f6297919a47');
INSERT INTO `cft_elements_i18n` (`id`, `elementId`, `locale`, `slug`, `uri`, `enabled`, `dateCreated`, `dateUpdated`, `uid`) VALUES ('32', '32', 'en_us', 'html-css-jquery-coldfusion-fusebox-alfresco-xml-social-apis-mod-rewrite-deployments', NULL, '1', '2015-03-28 19:00:19', '2015-03-28 19:00:19', 'a81bd9aa-5d21-4732-8da9-4853e7468633');
INSERT INTO `cft_elements_i18n` (`id`, `elementId`, `locale`, `slug`, `uri`, `enabled`, `dateCreated`, `dateUpdated`, `uid`) VALUES ('33', '33', 'en_us', 'html', NULL, '1', '2015-03-28 19:00:32', '2015-03-28 19:00:32', '327d698c-27bd-404b-81be-8642a9180d24');
INSERT INTO `cft_elements_i18n` (`id`, `elementId`, `locale`, `slug`, `uri`, `enabled`, `dateCreated`, `dateUpdated`, `uid`) VALUES ('34', '34', 'en_us', 'css', NULL, '1', '2015-03-28 19:00:36', '2015-03-28 19:00:36', '23237529-ae07-486f-8cdb-26133e8afece');
INSERT INTO `cft_elements_i18n` (`id`, `elementId`, `locale`, `slug`, `uri`, `enabled`, `dateCreated`, `dateUpdated`, `uid`) VALUES ('35', '35', 'en_us', 'jquery', NULL, '1', '2015-03-28 19:00:41', '2015-03-28 19:00:41', '70237237-0d58-47dd-b7d8-39ac5e81dbd6');
INSERT INTO `cft_elements_i18n` (`id`, `elementId`, `locale`, `slug`, `uri`, `enabled`, `dateCreated`, `dateUpdated`, `uid`) VALUES ('36', '36', 'en_us', 'camp-boggy-creek', NULL, '1', '2015-03-28 19:05:47', '2015-06-09 01:53:29', '91ff4943-8fbe-450c-8fa7-08a6618ccf6e');
INSERT INTO `cft_elements_i18n` (`id`, `elementId`, `locale`, `slug`, `uri`, `enabled`, `dateCreated`, `dateUpdated`, `uid`) VALUES ('43', '43', 'en_us', 'craft-cms', NULL, '1', '2015-06-09 01:14:02', '2015-06-09 01:14:02', '169a02da-fe72-4b48-842f-4ca544904680');
INSERT INTO `cft_elements_i18n` (`id`, `elementId`, `locale`, `slug`, `uri`, `enabled`, `dateCreated`, `dateUpdated`, `uid`) VALUES ('44', '44', 'en_us', 'full-sail-hall-of-fame', NULL, '1', '2015-06-09 01:15:07', '2015-06-09 01:46:40', '44f2faa1-816e-444f-a6b0-ccf00e84557c');
INSERT INTO `cft_elements_i18n` (`id`, `elementId`, `locale`, `slug`, `uri`, `enabled`, `dateCreated`, `dateUpdated`, `uid`) VALUES ('45', '45', 'en_us', 'browser-30reasons', NULL, '1', '2015-06-09 01:16:50', '2015-06-09 01:41:14', '4fac88f9-a99b-4e85-851f-79a48569401e');
INSERT INTO `cft_elements_i18n` (`id`, `elementId`, `locale`, `slug`, `uri`, `enabled`, `dateCreated`, `dateUpdated`, `uid`) VALUES ('46', '46', 'en_us', 'browser-acs', NULL, '1', '2015-06-09 01:16:51', '2015-06-09 01:41:14', 'a15cdd01-d73a-49a0-9028-f57f1657663f');
INSERT INTO `cft_elements_i18n` (`id`, `elementId`, `locale`, `slug`, `uri`, `enabled`, `dateCreated`, `dateUpdated`, `uid`) VALUES ('47', '47', 'en_us', 'browser-boggycreek', NULL, '1', '2015-06-09 01:16:52', '2015-06-09 01:41:14', '3d6c5f10-965c-4ed9-a70f-64c583be175d');
INSERT INTO `cft_elements_i18n` (`id`, `elementId`, `locale`, `slug`, `uri`, `enabled`, `dateCreated`, `dateUpdated`, `uid`) VALUES ('48', '48', 'en_us', 'browser-fsblog', NULL, '1', '2015-06-09 01:16:54', '2015-06-09 01:41:14', '33c5950b-0619-487a-8edd-ec0af0e46f13');
INSERT INTO `cft_elements_i18n` (`id`, `elementId`, `locale`, `slug`, `uri`, `enabled`, `dateCreated`, `dateUpdated`, `uid`) VALUES ('49', '49', 'en_us', 'browser-fullsail', NULL, '1', '2015-06-09 01:16:55', '2015-06-09 01:41:14', '2670ac85-fe83-4bcf-b207-a7d1e85c6492');
INSERT INTO `cft_elements_i18n` (`id`, `elementId`, `locale`, `slug`, `uri`, `enabled`, `dateCreated`, `dateUpdated`, `uid`) VALUES ('50', '50', 'en_us', 'browser-gamedesign', NULL, '1', '2015-06-09 01:16:57', '2015-06-09 01:41:15', '0a74b8bf-5020-4d79-b949-d6cd5491f0d5');
INSERT INTO `cft_elements_i18n` (`id`, `elementId`, `locale`, `slug`, `uri`, `enabled`, `dateCreated`, `dateUpdated`, `uid`) VALUES ('51', '51', 'en_us', 'browser-hof', NULL, '1', '2015-06-09 01:16:58', '2015-06-09 01:41:15', '78cc4b3f-cea7-4a85-b9ab-7ad1331d12bf');
INSERT INTO `cft_elements_i18n` (`id`, `elementId`, `locale`, `slug`, `uri`, `enabled`, `dateCreated`, `dateUpdated`, `uid`) VALUES ('52', '52', 'en_us', 'browser-maxfitness', NULL, '1', '2015-06-09 01:17:00', '2015-06-09 01:41:15', 'aeeca205-9506-484c-96a2-d8a6bf8ada8e');
INSERT INTO `cft_elements_i18n` (`id`, `elementId`, `locale`, `slug`, `uri`, `enabled`, `dateCreated`, `dateUpdated`, `uid`) VALUES ('53', '53', 'en_us', 'browser-mobileart', NULL, '1', '2015-06-09 01:17:01', '2015-06-09 01:41:15', 'd113f3bb-d536-4f5e-a3b3-404973f20c00');
INSERT INTO `cft_elements_i18n` (`id`, `elementId`, `locale`, `slug`, `uri`, `enabled`, `dateCreated`, `dateUpdated`, `uid`) VALUES ('54', '54', 'en_us', 'browser-youtube', NULL, '1', '2015-06-09 01:17:03', '2015-06-09 01:41:15', 'bef396ea-8888-4b08-8c95-82926d086e22');
INSERT INTO `cft_elements_i18n` (`id`, `elementId`, `locale`, `slug`, `uri`, `enabled`, `dateCreated`, `dateUpdated`, `uid`) VALUES ('56', '56', 'en_us', 'bg-30reasons', NULL, '1', '2015-06-09 01:20:31', '2015-06-09 01:41:12', 'e490d905-281a-4fb9-8163-83c6adbe70fe');
INSERT INTO `cft_elements_i18n` (`id`, `elementId`, `locale`, `slug`, `uri`, `enabled`, `dateCreated`, `dateUpdated`, `uid`) VALUES ('57', '57', 'en_us', 'bg-hof', NULL, '1', '2015-06-09 01:20:32', '2015-06-09 01:41:13', 'e7e133e2-8537-4258-ae44-6478d1afe976');
INSERT INTO `cft_elements_i18n` (`id`, `elementId`, `locale`, `slug`, `uri`, `enabled`, `dateCreated`, `dateUpdated`, `uid`) VALUES ('59', '59', 'en_us', '30-reasons-why-we-love-erics-guts', NULL, '1', '2015-06-09 01:21:58', '2015-06-09 01:45:10', '4144a94b-5aa4-420f-93ff-41d0b13ec495');
INSERT INTO `cft_elements_i18n` (`id`, `elementId`, `locale`, `slug`, `uri`, `enabled`, `dateCreated`, `dateUpdated`, `uid`) VALUES ('60', '60', 'en_us', 'maximum-fitness', NULL, '1', '2015-06-09 01:22:44', '2015-06-09 01:49:33', 'f453886d-b51f-46d0-b340-97c2069382fb');
INSERT INTO `cft_elements_i18n` (`id`, `elementId`, `locale`, `slug`, `uri`, `enabled`, `dateCreated`, `dateUpdated`, `uid`) VALUES ('61', '61', 'en_us', 'coldfusion', NULL, '1', '2015-06-09 01:23:34', '2015-06-09 01:23:34', 'b86e3ffb-aff1-4561-b9a5-766e4612c340');
INSERT INTO `cft_elements_i18n` (`id`, `elementId`, `locale`, `slug`, `uri`, `enabled`, `dateCreated`, `dateUpdated`, `uid`) VALUES ('62', '62', 'en_us', 'full-sail-universitys-alumni-credit-suite', NULL, '1', '2015-06-09 01:23:39', '2015-06-09 01:51:23', '8d417dc2-f295-44cb-842b-764f0aaed6d9');
INSERT INTO `cft_elements_i18n` (`id`, `elementId`, `locale`, `slug`, `uri`, `enabled`, `dateCreated`, `dateUpdated`, `uid`) VALUES ('63', '63', 'en_us', 'full-sail-universitys-custom-youtube-channel', NULL, '1', '2015-06-09 01:24:46', '2015-06-09 01:53:05', 'af65db05-8102-4eb6-8d3d-be5984849280');
INSERT INTO `cft_elements_i18n` (`id`, `elementId`, `locale`, `slug`, `uri`, `enabled`, `dateCreated`, `dateUpdated`, `uid`) VALUES ('64', '64', 'en_us', 'twig', NULL, '1', '2015-06-09 01:44:35', '2015-06-09 01:44:35', 'a1a81c61-13aa-4646-b4ba-6862929b67ab');
INSERT INTO `cft_elements_i18n` (`id`, `elementId`, `locale`, `slug`, `uri`, `enabled`, `dateCreated`, `dateUpdated`, `uid`) VALUES ('65', '65', 'en_us', 'javascript', NULL, '1', '2015-06-09 01:44:58', '2015-06-09 01:44:58', '142d7f6b-54d1-4b56-ac7a-5ab18fecd351');
INSERT INTO `cft_elements_i18n` (`id`, `elementId`, `locale`, `slug`, `uri`, `enabled`, `dateCreated`, `dateUpdated`, `uid`) VALUES ('66', '66', 'en_us', 'shell-scripts', NULL, '1', '2015-06-09 01:45:02', '2015-06-09 01:45:02', '9c8234b9-4be4-462e-b061-0eac09df962f');
INSERT INTO `cft_elements_i18n` (`id`, `elementId`, `locale`, `slug`, `uri`, `enabled`, `dateCreated`, `dateUpdated`, `uid`) VALUES ('67', '67', 'en_us', 'web-design', NULL, '1', '2015-06-09 01:45:08', '2015-06-09 01:45:08', '743e03cb-f6fa-4771-9515-fea24a4d398f');
INSERT INTO `cft_elements_i18n` (`id`, `elementId`, `locale`, `slug`, `uri`, `enabled`, `dateCreated`, `dateUpdated`, `uid`) VALUES ('68', '68', 'en_us', 'fusebox', NULL, '1', '2015-06-09 01:47:08', '2015-06-09 01:47:08', 'dc096478-86fc-4e41-ac6d-d6a08a5a2fc4');
INSERT INTO `cft_elements_i18n` (`id`, `elementId`, `locale`, `slug`, `uri`, `enabled`, `dateCreated`, `dateUpdated`, `uid`) VALUES ('69', '69', 'en_us', 'alfresco', NULL, '1', '2015-06-09 01:47:10', '2015-06-09 01:47:10', '977f8214-845e-4d7b-9f3a-75ecff35a30d');
INSERT INTO `cft_elements_i18n` (`id`, `elementId`, `locale`, `slug`, `uri`, `enabled`, `dateCreated`, `dateUpdated`, `uid`) VALUES ('70', '70', 'en_us', 'xml', NULL, '1', '2015-06-09 01:47:12', '2015-06-09 01:47:12', '0890891c-11b4-4680-9aba-6ff66220ee9b');
INSERT INTO `cft_elements_i18n` (`id`, `elementId`, `locale`, `slug`, `uri`, `enabled`, `dateCreated`, `dateUpdated`, `uid`) VALUES ('71', '71', 'en_us', 'social-apis', NULL, '1', '2015-06-09 01:47:18', '2015-06-09 01:47:18', 'df66587e-7acd-4d7f-96ed-25faaee66715');
INSERT INTO `cft_elements_i18n` (`id`, `elementId`, `locale`, `slug`, `uri`, `enabled`, `dateCreated`, `dateUpdated`, `uid`) VALUES ('72', '72', 'en_us', 'mod-rewrite', NULL, '1', '2015-06-09 01:47:24', '2015-06-09 01:47:24', '3c27c79c-01a3-412e-a425-b854c104c402');
INSERT INTO `cft_elements_i18n` (`id`, `elementId`, `locale`, `slug`, `uri`, `enabled`, `dateCreated`, `dateUpdated`, `uid`) VALUES ('73', '73', 'en_us', 'load-balanced-deployments', NULL, '1', '2015-06-09 01:47:43', '2015-06-09 01:47:43', '05f761a9-2fac-42ac-8c3c-7dc55c91b921');
INSERT INTO `cft_elements_i18n` (`id`, `elementId`, `locale`, `slug`, `uri`, `enabled`, `dateCreated`, `dateUpdated`, `uid`) VALUES ('74', '74', 'en_us', 'framework-one', NULL, '1', '2015-06-09 01:49:48', '2015-06-09 01:49:48', 'b22e67f4-1162-477c-a944-3ed04b4d0db5');
INSERT INTO `cft_elements_i18n` (`id`, `elementId`, `locale`, `slug`, `uri`, `enabled`, `dateCreated`, `dateUpdated`, `uid`) VALUES ('75', '75', 'en_us', 'mvc', NULL, '1', '2015-06-09 01:50:09', '2015-06-09 01:50:09', '472c9abf-fd5c-4cbb-9e7c-c00b2bb63897');
INSERT INTO `cft_elements_i18n` (`id`, `elementId`, `locale`, `slug`, `uri`, `enabled`, `dateCreated`, `dateUpdated`, `uid`) VALUES ('76', '76', 'en_us', 'orm', NULL, '1', '2015-06-09 01:50:16', '2015-06-09 01:50:16', '9009e602-33fa-4d01-9a1d-12f049c4ae9c');
INSERT INTO `cft_elements_i18n` (`id`, `elementId`, `locale`, `slug`, `uri`, `enabled`, `dateCreated`, `dateUpdated`, `uid`) VALUES ('77', '77', 'en_us', 'ajax', NULL, '1', '2015-06-09 01:50:41', '2015-06-09 01:50:41', '952db81e-a8d8-4967-9252-cfdf3027bf06');
INSERT INTO `cft_elements_i18n` (`id`, `elementId`, `locale`, `slug`, `uri`, `enabled`, `dateCreated`, `dateUpdated`, `uid`) VALUES ('78', '78', 'en_us', 'mssql', NULL, '1', '2015-06-09 01:50:54', '2015-06-09 01:50:54', '1c494c69-ce16-4892-bc2b-a1314454cd05');
INSERT INTO `cft_elements_i18n` (`id`, `elementId`, `locale`, `slug`, `uri`, `enabled`, `dateCreated`, `dateUpdated`, `uid`) VALUES ('79', '79', 'en_us', 'youtube-api', NULL, '1', '2015-06-09 01:52:48', '2015-06-09 01:52:48', '5640b8d8-d94b-4bfa-b7a1-78120e978026');



DROP TABLE IF EXISTS `cft_emailmessages`;


--
-- Schema for table `cft_emailmessages`
--
CREATE TABLE `cft_emailmessages` (
  `id` int(11) NOT NULL AUTO_INCREMENT,
  `key` char(150) COLLATE utf8_unicode_ci NOT NULL,
  `locale` char(12) COLLATE utf8_unicode_ci NOT NULL,
  `subject` varchar(1000) COLLATE utf8_unicode_ci NOT NULL,
  `body` text COLLATE utf8_unicode_ci NOT NULL,
  `dateCreated` datetime NOT NULL,
  `dateUpdated` datetime NOT NULL,
  `uid` char(36) COLLATE utf8_unicode_ci NOT NULL DEFAULT '0',
  PRIMARY KEY (`id`),
  UNIQUE KEY `cft_emailmessages_key_locale_unq_idx` (`key`,`locale`),
  KEY `cft_emailmessages_locale_fk` (`locale`)
) ENGINE=InnoDB DEFAULT CHARSET=utf8 COLLATE=utf8_unicode_ci;

DROP TABLE IF EXISTS `cft_entries`;


--
-- Schema for table `cft_entries`
--
CREATE TABLE `cft_entries` (
  `id` int(11) NOT NULL,
  `sectionId` int(11) NOT NULL,
  `typeId` int(11) DEFAULT NULL,
  `authorId` int(11) DEFAULT NULL,
  `postDate` datetime DEFAULT NULL,
  `expiryDate` datetime DEFAULT NULL,
  `dateCreated` datetime NOT NULL,
  `dateUpdated` datetime NOT NULL,
  `uid` char(36) COLLATE utf8_unicode_ci NOT NULL DEFAULT '0',
  PRIMARY KEY (`id`),
  KEY `cft_entries_sectionId_idx` (`sectionId`),
  KEY `cft_entries_typeId_idx` (`typeId`),
  KEY `cft_entries_postDate_idx` (`postDate`),
  KEY `cft_entries_expiryDate_idx` (`expiryDate`),
  KEY `cft_entries_authorId_fk` (`authorId`)
) ENGINE=InnoDB DEFAULT CHARSET=utf8 COLLATE=utf8_unicode_ci;

--
-- Data for table `cft_entries`
--

INSERT INTO `cft_entries` (`id`, `sectionId`, `typeId`, `authorId`, `postDate`, `expiryDate`, `dateCreated`, `dateUpdated`, `uid`) VALUES ('2', '1', '1', NULL, '2015-03-28 16:39:37', NULL, '2015-03-28 16:39:37', '2015-06-09 01:30:31', '46ae414d-3190-4199-a7f3-a63af534c795');
INSERT INTO `cft_entries` (`id`, `sectionId`, `typeId`, `authorId`, `postDate`, `expiryDate`, `dateCreated`, `dateUpdated`, `uid`) VALUES ('4', '3', '3', '1', '2015-03-28 17:15:00', NULL, '2015-03-28 17:15:55', '2015-06-09 01:54:04', 'cc055ae0-857d-4160-8069-badab3a308cf');
INSERT INTO `cft_entries` (`id`, `sectionId`, `typeId`, `authorId`, `postDate`, `expiryDate`, `dateCreated`, `dateUpdated`, `uid`) VALUES ('26', '3', '3', '1', '2015-03-28 18:01:00', NULL, '2015-03-28 18:01:45', '2015-06-09 01:48:11', '191b53bf-6b72-45dd-bf03-fce0a9ef7618');
INSERT INTO `cft_entries` (`id`, `sectionId`, `typeId`, `authorId`, `postDate`, `expiryDate`, `dateCreated`, `dateUpdated`, `uid`) VALUES ('36', '3', '3', '1', '2015-03-28 19:05:00', NULL, '2015-03-28 19:05:47', '2015-06-09 01:53:29', '7e0e7725-7058-4500-be6a-fe2a71ceca68');
INSERT INTO `cft_entries` (`id`, `sectionId`, `typeId`, `authorId`, `postDate`, `expiryDate`, `dateCreated`, `dateUpdated`, `uid`) VALUES ('44', '3', '3', '1', '2015-06-09 01:15:00', NULL, '2015-06-09 01:15:07', '2015-06-09 01:46:40', 'eb5fe7ba-92e9-4dc5-afb8-bc662635b718');
INSERT INTO `cft_entries` (`id`, `sectionId`, `typeId`, `authorId`, `postDate`, `expiryDate`, `dateCreated`, `dateUpdated`, `uid`) VALUES ('59', '3', '3', '1', '2015-06-09 01:21:00', NULL, '2015-06-09 01:21:58', '2015-06-09 01:45:10', '791809f5-e951-49b4-a166-9b6697eb18c0');
INSERT INTO `cft_entries` (`id`, `sectionId`, `typeId`, `authorId`, `postDate`, `expiryDate`, `dateCreated`, `dateUpdated`, `uid`) VALUES ('60', '3', '3', '1', '2015-06-09 01:22:00', NULL, '2015-06-09 01:22:44', '2015-06-09 01:49:33', 'b9dd7a09-42d6-44dc-a653-a1c0b5492ff6');
INSERT INTO `cft_entries` (`id`, `sectionId`, `typeId`, `authorId`, `postDate`, `expiryDate`, `dateCreated`, `dateUpdated`, `uid`) VALUES ('62', '3', '3', '1', '2015-06-09 01:23:00', NULL, '2015-06-09 01:23:39', '2015-06-09 01:51:23', '805515c4-d082-4856-a3cd-7f00d6041f09');
INSERT INTO `cft_entries` (`id`, `sectionId`, `typeId`, `authorId`, `postDate`, `expiryDate`, `dateCreated`, `dateUpdated`, `uid`) VALUES ('63', '3', '3', '1', '2015-06-09 01:24:00', NULL, '2015-06-09 01:24:46', '2015-06-09 01:53:05', '2715e626-cdc5-453e-969b-4b950befb5f9');



DROP TABLE IF EXISTS `cft_entrydrafts`;


--
-- Schema for table `cft_entrydrafts`
--
CREATE TABLE `cft_entrydrafts` (
  `id` int(11) NOT NULL AUTO_INCREMENT,
  `entryId` int(11) NOT NULL,
  `sectionId` int(11) NOT NULL,
  `creatorId` int(11) NOT NULL,
  `locale` char(12) COLLATE utf8_unicode_ci NOT NULL,
  `name` varchar(255) COLLATE utf8_unicode_ci NOT NULL,
  `notes` tinytext COLLATE utf8_unicode_ci,
  `data` mediumtext COLLATE utf8_unicode_ci NOT NULL,
  `dateCreated` datetime NOT NULL,
  `dateUpdated` datetime NOT NULL,
  `uid` char(36) COLLATE utf8_unicode_ci NOT NULL DEFAULT '0',
  PRIMARY KEY (`id`),
  KEY `cft_entrydrafts_entryId_locale_idx` (`entryId`,`locale`),
  KEY `cft_entrydrafts_sectionId_fk` (`sectionId`),
  KEY `cft_entrydrafts_creatorId_fk` (`creatorId`),
  KEY `cft_entrydrafts_locale_fk` (`locale`)
) ENGINE=InnoDB DEFAULT CHARSET=utf8 COLLATE=utf8_unicode_ci;

DROP TABLE IF EXISTS `cft_entrytypes`;


--
-- Schema for table `cft_entrytypes`
--
CREATE TABLE `cft_entrytypes` (
  `id` int(11) NOT NULL AUTO_INCREMENT,
  `sectionId` int(11) NOT NULL,
  `fieldLayoutId` int(11) DEFAULT NULL,
  `name` varchar(255) COLLATE utf8_unicode_ci NOT NULL,
  `handle` varchar(255) COLLATE utf8_unicode_ci NOT NULL,
  `hasTitleField` tinyint(1) unsigned NOT NULL DEFAULT '1',
  `titleLabel` varchar(255) COLLATE utf8_unicode_ci DEFAULT 'Title',
  `titleFormat` varchar(255) COLLATE utf8_unicode_ci DEFAULT NULL,
  `sortOrder` tinyint(4) DEFAULT NULL,
  `dateCreated` datetime NOT NULL,
  `dateUpdated` datetime NOT NULL,
  `uid` char(36) COLLATE utf8_unicode_ci NOT NULL DEFAULT '0',
  PRIMARY KEY (`id`),
  UNIQUE KEY `cft_entrytypes_name_sectionId_unq_idx` (`name`,`sectionId`),
  UNIQUE KEY `cft_entrytypes_handle_sectionId_unq_idx` (`handle`,`sectionId`),
  KEY `cft_entrytypes_sectionId_fk` (`sectionId`),
  KEY `cft_entrytypes_fieldLayoutId_fk` (`fieldLayoutId`)
) ENGINE=InnoDB AUTO_INCREMENT=4 DEFAULT CHARSET=utf8 COLLATE=utf8_unicode_ci;

--
-- Data for table `cft_entrytypes`
--

INSERT INTO `cft_entrytypes` (`id`, `sectionId`, `fieldLayoutId`, `name`, `handle`, `hasTitleField`, `titleLabel`, `titleFormat`, `sortOrder`, `dateCreated`, `dateUpdated`, `uid`) VALUES ('1', '1', '24', 'Homepage', 'homepage', '1', 'Title', NULL, NULL, '2015-03-28 16:39:37', '2015-03-28 18:57:50', 'f02dd6da-bb0c-4d11-9d35-78aae3f0922c');
INSERT INTO `cft_entrytypes` (`id`, `sectionId`, `fieldLayoutId`, `name`, `handle`, `hasTitleField`, `titleLabel`, `titleFormat`, `sortOrder`, `dateCreated`, `dateUpdated`, `uid`) VALUES ('3', '3', '14', 'Projects', 'projects', '1', 'Title', NULL, NULL, '2015-03-28 16:57:52', '2015-03-28 17:31:43', '13d007ac-9747-456a-855e-1190943f4620');



DROP TABLE IF EXISTS `cft_entryversions`;


--
-- Schema for table `cft_entryversions`
--
CREATE TABLE `cft_entryversions` (
  `id` int(11) NOT NULL AUTO_INCREMENT,
  `entryId` int(11) NOT NULL,
  `sectionId` int(11) NOT NULL,
  `creatorId` int(11) DEFAULT NULL,
  `locale` char(12) COLLATE utf8_unicode_ci NOT NULL,
  `num` smallint(6) unsigned NOT NULL,
  `notes` tinytext COLLATE utf8_unicode_ci,
  `data` mediumtext COLLATE utf8_unicode_ci NOT NULL,
  `dateCreated` datetime NOT NULL,
  `dateUpdated` datetime NOT NULL,
  `uid` char(36) COLLATE utf8_unicode_ci NOT NULL DEFAULT '0',
  PRIMARY KEY (`id`),
  KEY `cft_entryversions_entryId_locale_idx` (`entryId`,`locale`),
  KEY `cft_entryversions_sectionId_fk` (`sectionId`),
  KEY `cft_entryversions_creatorId_fk` (`creatorId`),
  KEY `cft_entryversions_locale_fk` (`locale`)
) ENGINE=InnoDB DEFAULT CHARSET=utf8 COLLATE=utf8_unicode_ci;

DROP TABLE IF EXISTS `cft_fieldgroups`;


--
-- Schema for table `cft_fieldgroups`
--
CREATE TABLE `cft_fieldgroups` (
  `id` int(11) NOT NULL AUTO_INCREMENT,
  `name` varchar(255) COLLATE utf8_unicode_ci NOT NULL,
  `dateCreated` datetime NOT NULL,
  `dateUpdated` datetime NOT NULL,
  `uid` char(36) COLLATE utf8_unicode_ci NOT NULL DEFAULT '0',
  PRIMARY KEY (`id`),
  UNIQUE KEY `cft_fieldgroups_name_unq_idx` (`name`)
) ENGINE=InnoDB AUTO_INCREMENT=3 DEFAULT CHARSET=utf8 COLLATE=utf8_unicode_ci;

--
-- Data for table `cft_fieldgroups`
--

INSERT INTO `cft_fieldgroups` (`id`, `name`, `dateCreated`, `dateUpdated`, `uid`) VALUES ('1', 'Default', '2015-03-28 16:39:37', '2015-03-28 16:39:37', '6465b60e-1485-4070-a7c5-4686a1335345');
INSERT INTO `cft_fieldgroups` (`id`, `name`, `dateCreated`, `dateUpdated`, `uid`) VALUES ('2', 'Projects', '2015-03-28 16:58:41', '2015-03-28 16:58:41', '842bf734-c26b-4639-aed5-c61cc491bf9e');



DROP TABLE IF EXISTS `cft_fieldlayoutfields`;


--
-- Schema for table `cft_fieldlayoutfields`
--
CREATE TABLE `cft_fieldlayoutfields` (
  `id` int(11) NOT NULL AUTO_INCREMENT,
  `layoutId` int(11) NOT NULL,
  `tabId` int(11) NOT NULL,
  `fieldId` int(11) NOT NULL,
  `required` tinyint(1) unsigned NOT NULL DEFAULT '0',
  `sortOrder` tinyint(4) DEFAULT NULL,
  `dateCreated` datetime NOT NULL,
  `dateUpdated` datetime NOT NULL,
  `uid` char(36) COLLATE utf8_unicode_ci NOT NULL DEFAULT '0',
  PRIMARY KEY (`id`),
  UNIQUE KEY `cft_fieldlayoutfields_layoutId_fieldId_unq_idx` (`layoutId`,`fieldId`),
  KEY `cft_fieldlayoutfields_sortOrder_idx` (`sortOrder`),
  KEY `cft_fieldlayoutfields_tabId_fk` (`tabId`),
  KEY `cft_fieldlayoutfields_fieldId_fk` (`fieldId`)
) ENGINE=InnoDB AUTO_INCREMENT=34 DEFAULT CHARSET=utf8 COLLATE=utf8_unicode_ci;

--
-- Data for table `cft_fieldlayoutfields`
--

INSERT INTO `cft_fieldlayoutfields` (`id`, `layoutId`, `tabId`, `fieldId`, `required`, `sortOrder`, `dateCreated`, `dateUpdated`, `uid`) VALUES ('2', '5', '2', '1', '1', '1', '2015-03-28 16:39:37', '2015-03-28 16:39:37', '5d03bcce-b096-4e34-8fd7-c21c76b7b01d');
INSERT INTO `cft_fieldlayoutfields` (`id`, `layoutId`, `tabId`, `fieldId`, `required`, `sortOrder`, `dateCreated`, `dateUpdated`, `uid`) VALUES ('3', '5', '2', '2', '0', '2', '2015-03-28 16:39:37', '2015-03-28 16:39:37', '454f457e-bd4c-4d38-926c-57a01e4e7b78');
INSERT INTO `cft_fieldlayoutfields` (`id`, `layoutId`, `tabId`, `fieldId`, `required`, `sortOrder`, `dateCreated`, `dateUpdated`, `uid`) VALUES ('9', '14', '4', '3', '0', '1', '2015-03-28 17:31:43', '2015-03-28 17:31:43', 'c524b65b-8909-4272-aac1-73fa7226212c');
INSERT INTO `cft_fieldlayoutfields` (`id`, `layoutId`, `tabId`, `fieldId`, `required`, `sortOrder`, `dateCreated`, `dateUpdated`, `uid`) VALUES ('10', '14', '4', '4', '0', '2', '2015-03-28 17:31:43', '2015-03-28 17:31:43', '1f3b9d84-1af6-4d96-99d1-9aa75c78521f');
INSERT INTO `cft_fieldlayoutfields` (`id`, `layoutId`, `tabId`, `fieldId`, `required`, `sortOrder`, `dateCreated`, `dateUpdated`, `uid`) VALUES ('11', '14', '4', '5', '0', '3', '2015-03-28 17:31:43', '2015-03-28 17:31:43', 'eb37b025-8d6a-4f72-983f-0f40d7b17a1f');
INSERT INTO `cft_fieldlayoutfields` (`id`, `layoutId`, `tabId`, `fieldId`, `required`, `sortOrder`, `dateCreated`, `dateUpdated`, `uid`) VALUES ('12', '14', '4', '6', '0', '4', '2015-03-28 17:31:43', '2015-03-28 17:31:43', '2d0f8080-0f13-4c6b-84b7-595cb8a9eb3b');
INSERT INTO `cft_fieldlayoutfields` (`id`, `layoutId`, `tabId`, `fieldId`, `required`, `sortOrder`, `dateCreated`, `dateUpdated`, `uid`) VALUES ('13', '14', '5', '7', '0', '1', '2015-03-28 17:31:43', '2015-03-28 17:31:43', '40295c4a-429c-421e-87d6-d60c481975d8');
INSERT INTO `cft_fieldlayoutfields` (`id`, `layoutId`, `tabId`, `fieldId`, `required`, `sortOrder`, `dateCreated`, `dateUpdated`, `uid`) VALUES ('14', '14', '5', '8', '0', '2', '2015-03-28 17:31:43', '2015-03-28 17:31:43', '5f3bde4b-2a4c-4d0b-84d2-82c7d6676d2e');
INSERT INTO `cft_fieldlayoutfields` (`id`, `layoutId`, `tabId`, `fieldId`, `required`, `sortOrder`, `dateCreated`, `dateUpdated`, `uid`) VALUES ('24', '21', '11', '12', '0', '1', '2015-03-28 18:41:40', '2015-03-28 18:41:40', 'e12ffccb-b1ee-4933-b49a-e6315706de7f');
INSERT INTO `cft_fieldlayoutfields` (`id`, `layoutId`, `tabId`, `fieldId`, `required`, `sortOrder`, `dateCreated`, `dateUpdated`, `uid`) VALUES ('25', '22', '12', '13', '0', '1', '2015-03-28 18:41:40', '2015-03-28 18:41:40', '2cdb94bf-67b6-4e9b-bfb8-de47aa78c47d');
INSERT INTO `cft_fieldlayoutfields` (`id`, `layoutId`, `tabId`, `fieldId`, `required`, `sortOrder`, `dateCreated`, `dateUpdated`, `uid`) VALUES ('26', '23', '13', '14', '0', '1', '2015-03-28 18:41:40', '2015-03-28 18:41:40', '2b87cef1-bc9b-4f04-88ae-148abbdffce4');
INSERT INTO `cft_fieldlayoutfields` (`id`, `layoutId`, `tabId`, `fieldId`, `required`, `sortOrder`, `dateCreated`, `dateUpdated`, `uid`) VALUES ('27', '23', '13', '15', '0', '2', '2015-03-28 18:41:40', '2015-03-28 18:41:40', 'dce923c6-b6c4-496d-b6d9-f3521d86bf52');
INSERT INTO `cft_fieldlayoutfields` (`id`, `layoutId`, `tabId`, `fieldId`, `required`, `sortOrder`, `dateCreated`, `dateUpdated`, `uid`) VALUES ('28', '23', '13', '16', '0', '3', '2015-03-28 18:41:40', '2015-03-28 18:41:40', '87ceec11-cc9d-45a3-96f9-1fb3b579ea57');
INSERT INTO `cft_fieldlayoutfields` (`id`, `layoutId`, `tabId`, `fieldId`, `required`, `sortOrder`, `dateCreated`, `dateUpdated`, `uid`) VALUES ('29', '24', '14', '10', '0', '1', '2015-03-28 18:57:50', '2015-03-28 18:57:50', 'a7494349-dd00-46a6-8446-c8dbe1ba5355');
INSERT INTO `cft_fieldlayoutfields` (`id`, `layoutId`, `tabId`, `fieldId`, `required`, `sortOrder`, `dateCreated`, `dateUpdated`, `uid`) VALUES ('30', '24', '14', '11', '0', '2', '2015-03-28 18:57:50', '2015-03-28 18:57:50', '401a01f1-c036-4be3-8300-1b6cd81faccc');
INSERT INTO `cft_fieldlayoutfields` (`id`, `layoutId`, `tabId`, `fieldId`, `required`, `sortOrder`, `dateCreated`, `dateUpdated`, `uid`) VALUES ('31', '24', '14', '17', '0', '3', '2015-03-28 18:57:50', '2015-03-28 18:57:50', 'e762365a-8d19-4a8e-841b-65b932d9ff48');
INSERT INTO `cft_fieldlayoutfields` (`id`, `layoutId`, `tabId`, `fieldId`, `required`, `sortOrder`, `dateCreated`, `dateUpdated`, `uid`) VALUES ('32', '26', '15', '10', '0', '1', '2015-06-09 01:00:43', '2015-06-09 01:00:43', 'e7f43075-6eb5-43d0-881f-f6106dbba4ba');
INSERT INTO `cft_fieldlayoutfields` (`id`, `layoutId`, `tabId`, `fieldId`, `required`, `sortOrder`, `dateCreated`, `dateUpdated`, `uid`) VALUES ('33', '26', '15', '11', '0', '2', '2015-06-09 01:00:43', '2015-06-09 01:00:43', '0a4347ce-bbf2-40c4-992c-8e4cc6723e2e');



DROP TABLE IF EXISTS `cft_fieldlayouts`;


--
-- Schema for table `cft_fieldlayouts`
--
CREATE TABLE `cft_fieldlayouts` (
  `id` int(11) NOT NULL AUTO_INCREMENT,
  `type` varchar(150) COLLATE utf8_unicode_ci NOT NULL,
  `dateCreated` datetime NOT NULL,
  `dateUpdated` datetime NOT NULL,
  `uid` char(36) COLLATE utf8_unicode_ci NOT NULL DEFAULT '0',
  PRIMARY KEY (`id`),
  KEY `cft_fieldlayouts_type_idx` (`type`)
) ENGINE=InnoDB AUTO_INCREMENT=27 DEFAULT CHARSET=utf8 COLLATE=utf8_unicode_ci;

--
-- Data for table `cft_fieldlayouts`
--

INSERT INTO `cft_fieldlayouts` (`id`, `type`, `dateCreated`, `dateUpdated`, `uid`) VALUES ('1', 'Tag', '2015-03-28 16:39:37', '2015-03-28 16:39:37', 'd523d2f2-9171-4cb3-8ce0-eaf40c01152c');
INSERT INTO `cft_fieldlayouts` (`id`, `type`, `dateCreated`, `dateUpdated`, `uid`) VALUES ('5', 'Entry', '2015-03-28 16:39:37', '2015-03-28 16:39:37', 'f73057f4-46ea-498e-b5d6-7a717aa55d38');
INSERT INTO `cft_fieldlayouts` (`id`, `type`, `dateCreated`, `dateUpdated`, `uid`) VALUES ('13', 'Asset', '2015-03-28 17:21:09', '2015-03-28 17:21:09', '1d4411b7-d723-4e64-9265-4a83234e6b09');
INSERT INTO `cft_fieldlayouts` (`id`, `type`, `dateCreated`, `dateUpdated`, `uid`) VALUES ('14', 'Entry', '2015-03-28 17:31:43', '2015-03-28 17:31:43', '120c0953-fd24-4ed1-a6f2-b8013a1e90e0');
INSERT INTO `cft_fieldlayouts` (`id`, `type`, `dateCreated`, `dateUpdated`, `uid`) VALUES ('16', 'Asset', '2015-03-28 18:25:41', '2015-03-28 18:25:41', 'f1a23365-8066-499e-8000-96e20431856d');
INSERT INTO `cft_fieldlayouts` (`id`, `type`, `dateCreated`, `dateUpdated`, `uid`) VALUES ('21', 'MatrixBlock', '2015-03-28 18:41:40', '2015-03-28 18:41:40', '3a3d292b-0074-49d0-b63e-3a3970250a14');
INSERT INTO `cft_fieldlayouts` (`id`, `type`, `dateCreated`, `dateUpdated`, `uid`) VALUES ('22', 'MatrixBlock', '2015-03-28 18:41:40', '2015-03-28 18:41:40', '1ab53fab-2cac-4747-a492-74a86a584307');
INSERT INTO `cft_fieldlayouts` (`id`, `type`, `dateCreated`, `dateUpdated`, `uid`) VALUES ('23', 'MatrixBlock', '2015-03-28 18:41:40', '2015-03-28 18:41:40', 'cc853272-6a18-4a6d-b61c-9588d8e6bc3e');
INSERT INTO `cft_fieldlayouts` (`id`, `type`, `dateCreated`, `dateUpdated`, `uid`) VALUES ('24', 'Entry', '2015-03-28 18:57:50', '2015-03-28 18:57:50', '0b595726-b298-4f34-8429-e35ad98bff3d');
INSERT INTO `cft_fieldlayouts` (`id`, `type`, `dateCreated`, `dateUpdated`, `uid`) VALUES ('26', 'Entry', '2015-06-09 01:00:43', '2015-06-09 01:00:43', '903c6d2c-0c19-4ce1-8a56-94ec3e0e9abc');



DROP TABLE IF EXISTS `cft_fieldlayouttabs`;


--
-- Schema for table `cft_fieldlayouttabs`
--
CREATE TABLE `cft_fieldlayouttabs` (
  `id` int(11) NOT NULL AUTO_INCREMENT,
  `layoutId` int(11) NOT NULL,
  `name` varchar(255) COLLATE utf8_unicode_ci NOT NULL,
  `sortOrder` tinyint(4) DEFAULT NULL,
  `dateCreated` datetime NOT NULL,
  `dateUpdated` datetime NOT NULL,
  `uid` char(36) COLLATE utf8_unicode_ci NOT NULL DEFAULT '0',
  PRIMARY KEY (`id`),
  KEY `cft_fieldlayouttabs_sortOrder_idx` (`sortOrder`),
  KEY `cft_fieldlayouttabs_layoutId_fk` (`layoutId`)
) ENGINE=InnoDB AUTO_INCREMENT=16 DEFAULT CHARSET=utf8 COLLATE=utf8_unicode_ci;

--
-- Data for table `cft_fieldlayouttabs`
--

INSERT INTO `cft_fieldlayouttabs` (`id`, `layoutId`, `name`, `sortOrder`, `dateCreated`, `dateUpdated`, `uid`) VALUES ('2', '5', 'Content', '1', '2015-03-28 16:39:37', '2015-03-28 16:39:37', '3858e3aa-9d8b-43fe-9f98-2f633ebcd779');
INSERT INTO `cft_fieldlayouttabs` (`id`, `layoutId`, `name`, `sortOrder`, `dateCreated`, `dateUpdated`, `uid`) VALUES ('4', '14', 'Project Information', '1', '2015-03-28 17:31:43', '2015-03-28 17:31:43', '22c3cf6e-6c25-4b39-85e9-a8c8d9bf3376');
INSERT INTO `cft_fieldlayouttabs` (`id`, `layoutId`, `name`, `sortOrder`, `dateCreated`, `dateUpdated`, `uid`) VALUES ('5', '14', 'Images', '2', '2015-03-28 17:31:43', '2015-03-28 17:31:43', '44628b2a-04c7-4e2b-9fba-bb8d851b227e');
INSERT INTO `cft_fieldlayouttabs` (`id`, `layoutId`, `name`, `sortOrder`, `dateCreated`, `dateUpdated`, `uid`) VALUES ('11', '21', 'Content', '1', '2015-03-28 18:41:40', '2015-03-28 18:41:40', '1a73f00f-d13f-4a8f-b163-2e9e7615b313');
INSERT INTO `cft_fieldlayouttabs` (`id`, `layoutId`, `name`, `sortOrder`, `dateCreated`, `dateUpdated`, `uid`) VALUES ('12', '22', 'Content', '1', '2015-03-28 18:41:40', '2015-03-28 18:41:40', '4652c584-c5cc-4259-a6a4-1112e3b3fe16');
INSERT INTO `cft_fieldlayouttabs` (`id`, `layoutId`, `name`, `sortOrder`, `dateCreated`, `dateUpdated`, `uid`) VALUES ('13', '23', 'Content', '1', '2015-03-28 18:41:40', '2015-03-28 18:41:40', '49e3fc7d-5425-4d38-8a6a-e36bdae97cc2');
INSERT INTO `cft_fieldlayouttabs` (`id`, `layoutId`, `name`, `sortOrder`, `dateCreated`, `dateUpdated`, `uid`) VALUES ('14', '24', 'Content', '1', '2015-03-28 18:57:50', '2015-03-28 18:57:50', '32feb009-5ba9-4b93-8d71-043d02a84147');
INSERT INTO `cft_fieldlayouttabs` (`id`, `layoutId`, `name`, `sortOrder`, `dateCreated`, `dateUpdated`, `uid`) VALUES ('15', '26', 'Tab 1', '1', '2015-06-09 01:00:43', '2015-06-09 01:00:43', '4fdd15b1-dc60-46bd-818f-54962fd0aca6');



DROP TABLE IF EXISTS `cft_fields`;


--
-- Schema for table `cft_fields`
--
CREATE TABLE `cft_fields` (
  `id` int(11) NOT NULL AUTO_INCREMENT,
  `groupId` int(11) DEFAULT NULL,
  `name` varchar(255) COLLATE utf8_unicode_ci NOT NULL,
  `handle` varchar(58) COLLATE utf8_unicode_ci NOT NULL,
  `context` varchar(255) COLLATE utf8_unicode_ci NOT NULL DEFAULT 'global',
  `instructions` text COLLATE utf8_unicode_ci,
  `translatable` tinyint(1) unsigned NOT NULL DEFAULT '0',
  `type` varchar(150) COLLATE utf8_unicode_ci NOT NULL,
  `settings` text COLLATE utf8_unicode_ci,
  `dateCreated` datetime NOT NULL,
  `dateUpdated` datetime NOT NULL,
  `uid` char(36) COLLATE utf8_unicode_ci NOT NULL DEFAULT '0',
  PRIMARY KEY (`id`),
  UNIQUE KEY `cft_fields_handle_context_unq_idx` (`handle`,`context`),
  KEY `cft_fields_context_idx` (`context`),
  KEY `cft_fields_groupId_fk` (`groupId`)
) ENGINE=InnoDB AUTO_INCREMENT=18 DEFAULT CHARSET=utf8 COLLATE=utf8_unicode_ci;

--
-- Data for table `cft_fields`
--

INSERT INTO `cft_fields` (`id`, `groupId`, `name`, `handle`, `context`, `instructions`, `translatable`, `type`, `settings`, `dateCreated`, `dateUpdated`, `uid`) VALUES ('1', '1', 'Body', 'body', 'global', NULL, '1', 'RichText', '{\"configFile\":\"Standard.json\",\"columnType\":\"text\"}', '2015-03-28 16:39:37', '2015-03-28 16:39:37', '78b8e676-8a95-40df-ac1d-2263dea37d22');
INSERT INTO `cft_fields` (`id`, `groupId`, `name`, `handle`, `context`, `instructions`, `translatable`, `type`, `settings`, `dateCreated`, `dateUpdated`, `uid`) VALUES ('2', '1', 'Tags', 'tags', 'global', NULL, '0', 'Tags', '{\"source\":\"taggroup:1\"}', '2015-03-28 16:39:37', '2015-03-28 16:39:37', 'c9dffdd7-0129-4283-81fe-9ab2696ae6a8');
INSERT INTO `cft_fields` (`id`, `groupId`, `name`, `handle`, `context`, `instructions`, `translatable`, `type`, `settings`, `dateCreated`, `dateUpdated`, `uid`) VALUES ('3', '2', 'Project Title', 'projectTitle', 'global', '', '0', 'PlainText', '{\"placeholder\":\"\",\"maxLength\":\"\",\"multiline\":\"\",\"initialRows\":\"4\"}', '2015-03-28 16:59:34', '2015-03-28 16:59:34', 'e333ea7e-bcba-4509-b55e-52f9e992aec1');
INSERT INTO `cft_fields` (`id`, `groupId`, `name`, `handle`, `context`, `instructions`, `translatable`, `type`, `settings`, `dateCreated`, `dateUpdated`, `uid`) VALUES ('4', '2', 'Project Description', 'projectDescription', 'global', '', '0', 'RichText', '{\"configFile\":\"\",\"cleanupHtml\":\"1\",\"purifyHtml\":\"\",\"columnType\":\"text\"}', '2015-03-28 16:59:48', '2015-03-28 16:59:48', '27dcd14b-3724-443b-98c4-c31cf30f746f');
INSERT INTO `cft_fields` (`id`, `groupId`, `name`, `handle`, `context`, `instructions`, `translatable`, `type`, `settings`, `dateCreated`, `dateUpdated`, `uid`) VALUES ('5', '2', 'Project URL', 'projectUrl', 'global', '', '0', 'PlainText', '{\"placeholder\":\"\",\"maxLength\":\"\",\"multiline\":\"\",\"initialRows\":\"4\"}', '2015-03-28 17:00:40', '2015-03-28 17:00:40', '8f586dc4-7c46-43f6-ad7a-6f32aa70b6c4');
INSERT INTO `cft_fields` (`id`, `groupId`, `name`, `handle`, `context`, `instructions`, `translatable`, `type`, `settings`, `dateCreated`, `dateUpdated`, `uid`) VALUES ('6', '2', 'Project Responsibilities', 'projectResponsibilities', 'global', '', '0', 'Tags', '{\"source\":\"taggroup:1\"}', '2015-03-28 17:01:13', '2015-03-28 17:28:57', '3113fc34-9e6f-4e6b-949b-1bf3e29b1d00');
INSERT INTO `cft_fields` (`id`, `groupId`, `name`, `handle`, `context`, `instructions`, `translatable`, `type`, `settings`, `dateCreated`, `dateUpdated`, `uid`) VALUES ('7', '2', 'Project Background Image', 'projectBackgroundImage', 'global', '', '0', 'Assets', '{\"useSingleFolder\":\"1\",\"sources\":\"*\",\"defaultUploadLocationSource\":\"1\",\"defaultUploadLocationSubpath\":\"\",\"singleUploadLocationSource\":\"1\",\"singleUploadLocationSubpath\":\"backgrounds\",\"restrictFiles\":\"1\",\"allowedKinds\":[\"image\"],\"limit\":\"1\",\"selectionLabel\":\"Add a project background image\"}', '2015-03-28 17:02:10', '2015-06-09 01:25:50', 'df3e1c9d-6009-4a94-8b1b-692779b72a1f');
INSERT INTO `cft_fields` (`id`, `groupId`, `name`, `handle`, `context`, `instructions`, `translatable`, `type`, `settings`, `dateCreated`, `dateUpdated`, `uid`) VALUES ('8', '2', 'Project Display Image', 'projectDisplayImage', 'global', '', '0', 'Assets', '{\"useSingleFolder\":\"1\",\"sources\":[\"folder:1\"],\"defaultUploadLocationSource\":\"1\",\"defaultUploadLocationSubpath\":\"display\",\"singleUploadLocationSource\":\"1\",\"singleUploadLocationSubpath\":\"display\",\"restrictFiles\":\"1\",\"allowedKinds\":[\"image\"],\"limit\":\"1\",\"selectionLabel\":\"Add a project display image\"}', '2015-03-28 17:30:26', '2015-06-09 01:40:56', '2fbe042f-202e-487a-81f9-aebedbef1bcd');
INSERT INTO `cft_fields` (`id`, `groupId`, `name`, `handle`, `context`, `instructions`, `translatable`, `type`, `settings`, `dateCreated`, `dateUpdated`, `uid`) VALUES ('9', '1', 'Headline', 'headline', 'global', '', '0', 'PlainText', '{\"placeholder\":\"\",\"maxLength\":\"\",\"multiline\":\"\",\"initialRows\":\"4\"}', '2015-03-28 18:24:23', '2015-03-28 18:24:23', '38bc40ad-4319-4806-a2a3-5c517310129a');
INSERT INTO `cft_fields` (`id`, `groupId`, `name`, `handle`, `context`, `instructions`, `translatable`, `type`, `settings`, `dateCreated`, `dateUpdated`, `uid`) VALUES ('10', '1', 'Feature Image', 'featureImage', 'global', '', '0', 'Assets', '{\"useSingleFolder\":\"\",\"sources\":[\"folder:3\"],\"defaultUploadLocationSource\":\"1\",\"defaultUploadLocationSubpath\":\"\",\"singleUploadLocationSource\":\"1\",\"singleUploadLocationSubpath\":\"\",\"restrictFiles\":\"1\",\"allowedKinds\":[\"image\"],\"limit\":\"1\"}', '2015-03-28 18:29:58', '2015-03-28 18:29:58', '10f4f44c-249e-4ef9-a6c3-adacfcfc3385');
INSERT INTO `cft_fields` (`id`, `groupId`, `name`, `handle`, `context`, `instructions`, `translatable`, `type`, `settings`, `dateCreated`, `dateUpdated`, `uid`) VALUES ('11', '1', 'Page Builder', 'pageBuilder', 'global', '', '0', 'Matrix', '{\"maxBlocks\":null}', '2015-03-28 18:34:13', '2015-03-28 18:41:40', '49a5bd74-5954-42d9-8322-73957cc1f75c');
INSERT INTO `cft_fields` (`id`, `groupId`, `name`, `handle`, `context`, `instructions`, `translatable`, `type`, `settings`, `dateCreated`, `dateUpdated`, `uid`) VALUES ('12', NULL, 'Headline', 'headline', 'matrixBlockType:1', '', '0', 'PlainText', '{\"placeholder\":\"\",\"maxLength\":\"\",\"multiline\":\"\",\"initialRows\":\"4\"}', '2015-03-28 18:34:14', '2015-03-28 18:41:40', '15a0a187-7ee5-4e7e-a148-79ecc149979e');
INSERT INTO `cft_fields` (`id`, `groupId`, `name`, `handle`, `context`, `instructions`, `translatable`, `type`, `settings`, `dateCreated`, `dateUpdated`, `uid`) VALUES ('13', NULL, 'body', 'body', 'matrixBlockType:2', '', '0', 'RichText', '{\"configFile\":\"\",\"cleanupHtml\":\"1\",\"purifyHtml\":\"\",\"columnType\":\"text\"}', '2015-03-28 18:34:14', '2015-03-28 18:41:40', '080df272-4b1c-4063-a18d-ff750522f911');
INSERT INTO `cft_fields` (`id`, `groupId`, `name`, `handle`, `context`, `instructions`, `translatable`, `type`, `settings`, `dateCreated`, `dateUpdated`, `uid`) VALUES ('14', NULL, 'Text', 'bText', 'matrixBlockType:3', '', '0', 'PlainText', '{\"placeholder\":\"\",\"maxLength\":\"\",\"multiline\":\"\",\"initialRows\":\"4\"}', '2015-03-28 18:34:14', '2015-03-28 18:41:40', 'cb920306-94bb-474c-a2a1-7db66f327448');
INSERT INTO `cft_fields` (`id`, `groupId`, `name`, `handle`, `context`, `instructions`, `translatable`, `type`, `settings`, `dateCreated`, `dateUpdated`, `uid`) VALUES ('15', NULL, 'Link', 'bLink', 'matrixBlockType:3', '', '0', 'PlainText', '{\"placeholder\":\"\",\"maxLength\":\"\",\"multiline\":\"\",\"initialRows\":\"4\"}', '2015-03-28 18:34:14', '2015-03-28 18:41:40', '59a6ce83-54ff-4c16-b88d-9f3dfd85cfe7');
INSERT INTO `cft_fields` (`id`, `groupId`, `name`, `handle`, `context`, `instructions`, `translatable`, `type`, `settings`, `dateCreated`, `dateUpdated`, `uid`) VALUES ('16', NULL, 'Download', 'bDownload', 'matrixBlockType:3', '', '0', 'Assets', '{\"useSingleFolder\":\"\",\"sources\":[\"folder:3\"],\"defaultUploadLocationSource\":\"1\",\"defaultUploadLocationSubpath\":\"\",\"singleUploadLocationSource\":\"1\",\"singleUploadLocationSubpath\":\"\",\"restrictFiles\":\"1\",\"allowedKinds\":[\"pdf\"],\"limit\":\"1\"}', '2015-03-28 18:34:14', '2015-03-28 18:41:40', 'e9455931-5486-44b6-89d6-afc83c766d25');
INSERT INTO `cft_fields` (`id`, `groupId`, `name`, `handle`, `context`, `instructions`, `translatable`, `type`, `settings`, `dateCreated`, `dateUpdated`, `uid`) VALUES ('17', '1', 'Projects', 'projects', 'global', '', '0', 'Entries', '{\"sources\":[\"section:3\"],\"limit\":\"\"}', '2015-03-28 18:34:42', '2015-03-28 18:34:42', '27abc467-c991-4701-963b-38cf4d3a4f40');



DROP TABLE IF EXISTS `cft_globalsets`;


--
-- Schema for table `cft_globalsets`
--
CREATE TABLE `cft_globalsets` (
  `id` int(11) NOT NULL,
  `name` varchar(255) COLLATE utf8_unicode_ci NOT NULL,
  `handle` varchar(255) COLLATE utf8_unicode_ci NOT NULL,
  `fieldLayoutId` int(10) DEFAULT NULL,
  `dateCreated` datetime NOT NULL,
  `dateUpdated` datetime NOT NULL,
  `uid` char(36) COLLATE utf8_unicode_ci NOT NULL DEFAULT '0',
  PRIMARY KEY (`id`),
  UNIQUE KEY `cft_globalsets_name_unq_idx` (`name`),
  UNIQUE KEY `cft_globalsets_handle_unq_idx` (`handle`),
  KEY `cft_globalsets_fieldLayoutId_fk` (`fieldLayoutId`)
) ENGINE=InnoDB DEFAULT CHARSET=utf8 COLLATE=utf8_unicode_ci;

DROP TABLE IF EXISTS `cft_info`;


--
-- Schema for table `cft_info`
--
CREATE TABLE `cft_info` (
  `id` int(11) NOT NULL AUTO_INCREMENT,
  `version` varchar(15) COLLATE utf8_unicode_ci NOT NULL,
  `build` int(11) unsigned NOT NULL,
  `schemaVersion` varchar(15) COLLATE utf8_unicode_ci NOT NULL,
  `releaseDate` datetime NOT NULL,
  `edition` tinyint(1) unsigned NOT NULL DEFAULT '0',
  `siteName` varchar(100) COLLATE utf8_unicode_ci NOT NULL,
  `siteUrl` varchar(255) COLLATE utf8_unicode_ci NOT NULL,
  `timezone` varchar(30) COLLATE utf8_unicode_ci DEFAULT NULL,
  `on` tinyint(1) unsigned NOT NULL DEFAULT '0',
  `maintenance` tinyint(1) unsigned NOT NULL DEFAULT '0',
  `track` varchar(40) COLLATE utf8_unicode_ci NOT NULL,
  `dateCreated` datetime NOT NULL,
  `dateUpdated` datetime NOT NULL,
  `uid` char(36) COLLATE utf8_unicode_ci NOT NULL DEFAULT '0',
  PRIMARY KEY (`id`)
) ENGINE=InnoDB AUTO_INCREMENT=2 DEFAULT CHARSET=utf8 COLLATE=utf8_unicode_ci;

--
-- Data for table `cft_info`
--

INSERT INTO `cft_info` (`id`, `version`, `build`, `schemaVersion`, `releaseDate`, `edition`, `siteName`, `siteUrl`, `timezone`, `on`, `maintenance`, `track`, `dateCreated`, `dateUpdated`, `uid`) VALUES ('1', '2.4', '2669', '2.4.0', '2015-06-03 22:03:40', '0', 'Alex Van Holtz', 'http://localhost:8888/alex.craft.dev', 'UTC', '1', '0', 'stable', '2015-03-28 16:39:33', '2015-06-09 00:58:58', '047fe70e-6df5-4148-b17f-a33169137cdc');



DROP TABLE IF EXISTS `cft_locales`;


--
-- Schema for table `cft_locales`
--
CREATE TABLE `cft_locales` (
  `locale` char(12) COLLATE utf8_unicode_ci NOT NULL,
  `sortOrder` tinyint(4) DEFAULT NULL,
  `dateCreated` datetime NOT NULL,
  `dateUpdated` datetime NOT NULL,
  `uid` char(36) COLLATE utf8_unicode_ci NOT NULL DEFAULT '0',
  PRIMARY KEY (`locale`),
  KEY `cft_locales_sortOrder_idx` (`sortOrder`)
) ENGINE=InnoDB DEFAULT CHARSET=utf8 COLLATE=utf8_unicode_ci;

--
-- Data for table `cft_locales`
--

INSERT INTO `cft_locales` (`locale`, `sortOrder`, `dateCreated`, `dateUpdated`, `uid`) VALUES ('en_us', '1', '2015-03-28 16:39:33', '2015-03-28 16:39:33', '6963bf16-eba2-46bf-8622-bc2dac4aaee7');



DROP TABLE IF EXISTS `cft_matrixblocks`;


--
-- Schema for table `cft_matrixblocks`
--
CREATE TABLE `cft_matrixblocks` (
  `id` int(11) NOT NULL,
  `ownerId` int(11) NOT NULL,
  `fieldId` int(11) NOT NULL,
  `typeId` int(11) DEFAULT NULL,
  `sortOrder` tinyint(4) DEFAULT NULL,
  `ownerLocale` char(12) COLLATE utf8_unicode_ci DEFAULT NULL,
  `dateCreated` datetime NOT NULL,
  `dateUpdated` datetime NOT NULL,
  `uid` char(36) COLLATE utf8_unicode_ci NOT NULL DEFAULT '0',
  PRIMARY KEY (`id`),
  KEY `cft_matrixblocks_ownerId_idx` (`ownerId`),
  KEY `cft_matrixblocks_fieldId_idx` (`fieldId`),
  KEY `cft_matrixblocks_typeId_idx` (`typeId`),
  KEY `cft_matrixblocks_sortOrder_idx` (`sortOrder`),
  KEY `cft_matrixblocks_ownerLocale_fk` (`ownerLocale`)
) ENGINE=InnoDB DEFAULT CHARSET=utf8 COLLATE=utf8_unicode_ci;

--
-- Data for table `cft_matrixblocks`
--

INSERT INTO `cft_matrixblocks` (`id`, `ownerId`, `fieldId`, `typeId`, `sortOrder`, `ownerLocale`, `dateCreated`, `dateUpdated`, `uid`) VALUES ('29', '2', '11', '1', '1', NULL, '2015-03-28 18:39:23', '2015-06-09 01:30:31', '1c19ace1-1d2b-4930-8be7-5401221d00bb');
INSERT INTO `cft_matrixblocks` (`id`, `ownerId`, `fieldId`, `typeId`, `sortOrder`, `ownerLocale`, `dateCreated`, `dateUpdated`, `uid`) VALUES ('30', '2', '11', '2', '2', NULL, '2015-03-28 18:39:23', '2015-06-09 01:30:31', '99e28159-9114-4f5c-9bbf-6e71b4e26d87');
INSERT INTO `cft_matrixblocks` (`id`, `ownerId`, `fieldId`, `typeId`, `sortOrder`, `ownerLocale`, `dateCreated`, `dateUpdated`, `uid`) VALUES ('31', '2', '11', '3', '3', NULL, '2015-03-28 18:39:23', '2015-06-09 01:30:31', '1b54851b-dde1-43ff-bb42-a28427f9e98f');



DROP TABLE IF EXISTS `cft_matrixblocktypes`;


--
-- Schema for table `cft_matrixblocktypes`
--
CREATE TABLE `cft_matrixblocktypes` (
  `id` int(11) NOT NULL AUTO_INCREMENT,
  `fieldId` int(11) NOT NULL,
  `fieldLayoutId` int(11) DEFAULT NULL,
  `name` varchar(255) COLLATE utf8_unicode_ci NOT NULL,
  `handle` varchar(255) COLLATE utf8_unicode_ci NOT NULL,
  `sortOrder` tinyint(4) DEFAULT NULL,
  `dateCreated` datetime NOT NULL,
  `dateUpdated` datetime NOT NULL,
  `uid` char(36) COLLATE utf8_unicode_ci NOT NULL DEFAULT '0',
  PRIMARY KEY (`id`),
  UNIQUE KEY `cft_matrixblocktypes_name_fieldId_unq_idx` (`name`,`fieldId`),
  UNIQUE KEY `cft_matrixblocktypes_handle_fieldId_unq_idx` (`handle`,`fieldId`),
  KEY `cft_matrixblocktypes_fieldId_fk` (`fieldId`),
  KEY `cft_matrixblocktypes_fieldLayoutId_fk` (`fieldLayoutId`)
) ENGINE=InnoDB AUTO_INCREMENT=4 DEFAULT CHARSET=utf8 COLLATE=utf8_unicode_ci;

--
-- Data for table `cft_matrixblocktypes`
--

INSERT INTO `cft_matrixblocktypes` (`id`, `fieldId`, `fieldLayoutId`, `name`, `handle`, `sortOrder`, `dateCreated`, `dateUpdated`, `uid`) VALUES ('1', '11', '21', 'Headline', 'headline', '1', '2015-03-28 18:34:14', '2015-03-28 18:41:40', '6381cca9-5499-44dc-88d3-dd747e76b060');
INSERT INTO `cft_matrixblocktypes` (`id`, `fieldId`, `fieldLayoutId`, `name`, `handle`, `sortOrder`, `dateCreated`, `dateUpdated`, `uid`) VALUES ('2', '11', '22', 'Text', 'text', '2', '2015-03-28 18:34:14', '2015-03-28 18:41:40', '71ad9abd-a3d1-4fff-8451-a095317d927a');
INSERT INTO `cft_matrixblocktypes` (`id`, `fieldId`, `fieldLayoutId`, `name`, `handle`, `sortOrder`, `dateCreated`, `dateUpdated`, `uid`) VALUES ('3', '11', '23', 'Button', 'button', '3', '2015-03-28 18:34:14', '2015-03-28 18:41:40', 'a3721728-d131-40d0-8e62-0cbc841ef8a4');



DROP TABLE IF EXISTS `cft_matrixcontent_pagebuilder`;


--
-- Schema for table `cft_matrixcontent_pagebuilder`
--
CREATE TABLE `cft_matrixcontent_pagebuilder` (
  `id` int(11) NOT NULL AUTO_INCREMENT,
  `elementId` int(11) NOT NULL,
  `locale` char(12) COLLATE utf8_unicode_ci NOT NULL,
  `field_headline_headline` text COLLATE utf8_unicode_ci,
  `field_text_body` text COLLATE utf8_unicode_ci,
  `field_button_bText` text COLLATE utf8_unicode_ci,
  `field_button_bLink` text COLLATE utf8_unicode_ci,
  `dateCreated` datetime NOT NULL,
  `dateUpdated` datetime NOT NULL,
  `uid` char(36) COLLATE utf8_unicode_ci NOT NULL DEFAULT '0',
  PRIMARY KEY (`id`),
  UNIQUE KEY `cft_matrixcontent_pagebuilder_elementId_locale_unq_idx` (`elementId`,`locale`),
  KEY `cft_matrixcontent_pagebuilder_locale_fk` (`locale`)
) ENGINE=InnoDB AUTO_INCREMENT=4 DEFAULT CHARSET=utf8 COLLATE=utf8_unicode_ci;

--
-- Data for table `cft_matrixcontent_pagebuilder`
--

INSERT INTO `cft_matrixcontent_pagebuilder` (`id`, `elementId`, `locale`, `field_headline_headline`, `field_text_body`, `field_button_bText`, `field_button_bLink`, `dateCreated`, `dateUpdated`, `uid`) VALUES ('1', '29', 'en_us', 'Hi, I\'m Alex!', NULL, NULL, NULL, '2015-03-28 18:39:23', '2015-06-09 01:30:31', 'e9be6199-d73a-4953-bbf5-cd2349cc88f6');
INSERT INTO `cft_matrixcontent_pagebuilder` (`id`, `elementId`, `locale`, `field_headline_headline`, `field_text_body`, `field_button_bText`, `field_button_bLink`, `dateCreated`, `dateUpdated`, `uid`) VALUES ('2', '30', 'en_us', NULL, '<p>I’m a Full-stack web developer currently living in Orlando, Florida. I create web sites and applications for Full Sail University’s award-winning, in-house creative team, Platinum Creative. I Instagram too many photos of my pets and make a banana bread that\'ll knock your socks off.</p>', NULL, NULL, '2015-03-28 18:39:23', '2015-06-09 01:30:31', 'f702df28-0a96-41b3-976c-59e8e1f6fbb6');
INSERT INTO `cft_matrixcontent_pagebuilder` (`id`, `elementId`, `locale`, `field_headline_headline`, `field_text_body`, `field_button_bText`, `field_button_bLink`, `dateCreated`, `dateUpdated`, `uid`) VALUES ('3', '31', 'en_us', NULL, NULL, 'Resume', '', '2015-03-28 18:39:23', '2015-06-09 01:30:31', 'b34d510f-2457-4759-a95c-e314292d0b46');



DROP TABLE IF EXISTS `cft_migrations`;


--
-- Schema for table `cft_migrations`
--
CREATE TABLE `cft_migrations` (
  `id` int(11) NOT NULL AUTO_INCREMENT,
  `pluginId` int(11) DEFAULT NULL,
  `version` varchar(255) COLLATE utf8_unicode_ci NOT NULL,
  `applyTime` datetime NOT NULL,
  `dateCreated` datetime NOT NULL,
  `dateUpdated` datetime NOT NULL,
  `uid` char(36) COLLATE utf8_unicode_ci NOT NULL DEFAULT '0',
  PRIMARY KEY (`id`),
  UNIQUE KEY `cft_migrations_version_unq_idx` (`version`),
  KEY `cft_migrations_pluginId_fk` (`pluginId`)
) ENGINE=InnoDB AUTO_INCREMENT=16 DEFAULT CHARSET=utf8 COLLATE=utf8_unicode_ci;

--
-- Data for table `cft_migrations`
--

INSERT INTO `cft_migrations` (`id`, `pluginId`, `version`, `applyTime`, `dateCreated`, `dateUpdated`, `uid`) VALUES ('1', NULL, 'm000000_000000_base', '2015-03-28 16:39:33', '2015-03-28 16:39:33', '2015-03-28 16:39:33', '0ff2aefe-e30d-4329-977b-06d05b6a5f86');
INSERT INTO `cft_migrations` (`id`, `pluginId`, `version`, `applyTime`, `dateCreated`, `dateUpdated`, `uid`) VALUES ('2', NULL, 'm140730_000001_add_filename_and_format_to_transformindex', '2015-03-28 16:39:33', '2015-03-28 16:39:33', '2015-03-28 16:39:33', 'b9dfa426-6ec1-4cab-b168-25931bc74a7d');
INSERT INTO `cft_migrations` (`id`, `pluginId`, `version`, `applyTime`, `dateCreated`, `dateUpdated`, `uid`) VALUES ('3', NULL, 'm140815_000001_add_format_to_transforms', '2015-03-28 16:39:33', '2015-03-28 16:39:33', '2015-03-28 16:39:33', 'f867aaeb-88a6-40ef-9237-0deaf3a4ce13');
INSERT INTO `cft_migrations` (`id`, `pluginId`, `version`, `applyTime`, `dateCreated`, `dateUpdated`, `uid`) VALUES ('4', NULL, 'm140822_000001_allow_more_than_128_items_per_field', '2015-03-28 16:39:33', '2015-03-28 16:39:33', '2015-03-28 16:39:33', 'b0ffb974-79d1-4cc3-acb1-74472a9a3734');
INSERT INTO `cft_migrations` (`id`, `pluginId`, `version`, `applyTime`, `dateCreated`, `dateUpdated`, `uid`) VALUES ('5', NULL, 'm140829_000001_single_title_formats', '2015-03-28 16:39:33', '2015-03-28 16:39:33', '2015-03-28 16:39:33', 'dd3d82e9-0ea2-4c78-a3fe-1fef70e670f9');
INSERT INTO `cft_migrations` (`id`, `pluginId`, `version`, `applyTime`, `dateCreated`, `dateUpdated`, `uid`) VALUES ('6', NULL, 'm140831_000001_extended_cache_keys', '2015-03-28 16:39:33', '2015-03-28 16:39:33', '2015-03-28 16:39:33', '4441b3a9-03cc-43a6-8cf3-b293d78a932d');
INSERT INTO `cft_migrations` (`id`, `pluginId`, `version`, `applyTime`, `dateCreated`, `dateUpdated`, `uid`) VALUES ('7', NULL, 'm140922_000001_delete_orphaned_matrix_blocks', '2015-03-28 16:39:33', '2015-03-28 16:39:33', '2015-03-28 16:39:33', 'bd9944be-d2ba-4929-bbd3-b06d64e09c35');
INSERT INTO `cft_migrations` (`id`, `pluginId`, `version`, `applyTime`, `dateCreated`, `dateUpdated`, `uid`) VALUES ('8', NULL, 'm141008_000001_elements_index_tune', '2015-03-28 16:39:33', '2015-03-28 16:39:33', '2015-03-28 16:39:33', '9f7cfe8b-5038-4d8b-8ff0-259d25a881f4');
INSERT INTO `cft_migrations` (`id`, `pluginId`, `version`, `applyTime`, `dateCreated`, `dateUpdated`, `uid`) VALUES ('9', NULL, 'm141009_000001_assets_source_handle', '2015-03-28 16:39:33', '2015-03-28 16:39:33', '2015-03-28 16:39:33', 'b7492cc5-d1d8-49d0-8b68-dba1adc86c5c');
INSERT INTO `cft_migrations` (`id`, `pluginId`, `version`, `applyTime`, `dateCreated`, `dateUpdated`, `uid`) VALUES ('10', NULL, 'm141024_000001_field_layout_tabs', '2015-03-28 16:39:33', '2015-03-28 16:39:33', '2015-03-28 16:39:33', '9efead21-2778-4794-b4bf-eaa0e9cdcd45');
INSERT INTO `cft_migrations` (`id`, `pluginId`, `version`, `applyTime`, `dateCreated`, `dateUpdated`, `uid`) VALUES ('11', NULL, 'm141030_000001_drop_structure_move_permission', '2015-03-28 16:39:33', '2015-03-28 16:39:33', '2015-03-28 16:39:33', 'cfae71fa-d3ba-4cea-a5e0-0ec14e1314b4');
INSERT INTO `cft_migrations` (`id`, `pluginId`, `version`, `applyTime`, `dateCreated`, `dateUpdated`, `uid`) VALUES ('12', NULL, 'm141103_000001_tag_titles', '2015-03-28 16:39:33', '2015-03-28 16:39:33', '2015-03-28 16:39:33', '340668c8-515d-43c0-b50a-06d218d81d8c');
INSERT INTO `cft_migrations` (`id`, `pluginId`, `version`, `applyTime`, `dateCreated`, `dateUpdated`, `uid`) VALUES ('13', NULL, 'm141109_000001_user_status_shuffle', '2015-03-28 16:39:33', '2015-03-28 16:39:33', '2015-03-28 16:39:33', '0ed098ff-8c4b-47ce-8279-dcc1fda3ebc8');
INSERT INTO `cft_migrations` (`id`, `pluginId`, `version`, `applyTime`, `dateCreated`, `dateUpdated`, `uid`) VALUES ('14', NULL, 'm141126_000001_user_week_start_day', '2015-03-28 16:39:33', '2015-03-28 16:39:33', '2015-03-28 16:39:33', 'ffa5510b-af95-4d25-8bd1-e77dafd1d2bb');
INSERT INTO `cft_migrations` (`id`, `pluginId`, `version`, `applyTime`, `dateCreated`, `dateUpdated`, `uid`) VALUES ('15', NULL, 'm150210_000001_adjust_user_photo_size', '2015-03-28 16:39:33', '2015-03-28 16:39:33', '2015-03-28 16:39:33', '24e02fd7-84ad-4833-9cf6-344c4c1dc9c4');



DROP TABLE IF EXISTS `cft_plugins`;


--
-- Schema for table `cft_plugins`
--
CREATE TABLE `cft_plugins` (
  `id` int(11) NOT NULL AUTO_INCREMENT,
  `class` varchar(150) COLLATE utf8_unicode_ci NOT NULL,
  `version` char(15) COLLATE utf8_unicode_ci NOT NULL,
  `enabled` tinyint(1) unsigned NOT NULL DEFAULT '0',
  `settings` text COLLATE utf8_unicode_ci,
  `installDate` datetime NOT NULL,
  `dateCreated` datetime NOT NULL,
  `dateUpdated` datetime NOT NULL,
  `uid` char(36) COLLATE utf8_unicode_ci NOT NULL DEFAULT '0',
  PRIMARY KEY (`id`)
) ENGINE=InnoDB DEFAULT CHARSET=utf8 COLLATE=utf8_unicode_ci;

DROP TABLE IF EXISTS `cft_rackspaceaccess`;


--
-- Schema for table `cft_rackspaceaccess`
--
CREATE TABLE `cft_rackspaceaccess` (
  `id` int(11) NOT NULL AUTO_INCREMENT,
  `connectionKey` varchar(255) COLLATE utf8_unicode_ci NOT NULL,
  `token` varchar(255) COLLATE utf8_unicode_ci NOT NULL,
  `storageUrl` varchar(255) COLLATE utf8_unicode_ci NOT NULL,
  `cdnUrl` varchar(255) COLLATE utf8_unicode_ci NOT NULL,
  `dateCreated` datetime NOT NULL,
  `dateUpdated` datetime NOT NULL,
  `uid` char(36) COLLATE utf8_unicode_ci NOT NULL DEFAULT '0',
  PRIMARY KEY (`id`),
  UNIQUE KEY `cft_rackspaceaccess_connectionKey_unq_idx` (`connectionKey`)
) ENGINE=InnoDB DEFAULT CHARSET=utf8 COLLATE=utf8_unicode_ci;

DROP TABLE IF EXISTS `cft_relations`;


--
-- Schema for table `cft_relations`
--
CREATE TABLE `cft_relations` (
  `id` int(11) NOT NULL AUTO_INCREMENT,
  `fieldId` int(11) NOT NULL,
  `sourceId` int(11) NOT NULL,
  `sourceLocale` char(12) COLLATE utf8_unicode_ci DEFAULT NULL,
  `targetId` int(11) NOT NULL,
  `sortOrder` smallint(6) DEFAULT NULL,
  `dateCreated` datetime NOT NULL,
  `dateUpdated` datetime NOT NULL,
  `uid` char(36) COLLATE utf8_unicode_ci NOT NULL DEFAULT '0',
  PRIMARY KEY (`id`),
  UNIQUE KEY `cft_relations_fieldId_sourceId_sourceLocale_targetId_unq_idx` (`fieldId`,`sourceId`,`sourceLocale`,`targetId`),
  KEY `cft_relations_sourceId_fk` (`sourceId`),
  KEY `cft_relations_sourceLocale_fk` (`sourceLocale`),
  KEY `cft_relations_targetId_fk` (`targetId`)
) ENGINE=InnoDB AUTO_INCREMENT=181 DEFAULT CHARSET=utf8 COLLATE=utf8_unicode_ci;

--
-- Data for table `cft_relations`
--

INSERT INTO `cft_relations` (`id`, `fieldId`, `sourceId`, `sourceLocale`, `targetId`, `sortOrder`, `dateCreated`, `dateUpdated`, `uid`) VALUES ('37', '10', '2', NULL, '27', '1', '2015-06-09 01:30:31', '2015-06-09 01:30:31', 'bdfe4012-2b69-4567-bbc5-6c7802fffd21');
INSERT INTO `cft_relations` (`id`, `fieldId`, `sourceId`, `sourceLocale`, `targetId`, `sortOrder`, `dateCreated`, `dateUpdated`, `uid`) VALUES ('38', '16', '31', NULL, '28', '1', '2015-06-09 01:30:31', '2015-06-09 01:30:31', '35491a3f-402c-4077-b6a0-b39d26bc3828');
INSERT INTO `cft_relations` (`id`, `fieldId`, `sourceId`, `sourceLocale`, `targetId`, `sortOrder`, `dateCreated`, `dateUpdated`, `uid`) VALUES ('39', '17', '2', NULL, '44', '1', '2015-06-09 01:30:31', '2015-06-09 01:30:31', '0bb589d3-1da1-4756-b628-8213cb47e547');
INSERT INTO `cft_relations` (`id`, `fieldId`, `sourceId`, `sourceLocale`, `targetId`, `sortOrder`, `dateCreated`, `dateUpdated`, `uid`) VALUES ('40', '17', '2', NULL, '59', '2', '2015-06-09 01:30:31', '2015-06-09 01:30:31', '1f749273-26c5-4224-af62-178c34d61ca7');
INSERT INTO `cft_relations` (`id`, `fieldId`, `sourceId`, `sourceLocale`, `targetId`, `sortOrder`, `dateCreated`, `dateUpdated`, `uid`) VALUES ('41', '17', '2', NULL, '26', '3', '2015-06-09 01:30:31', '2015-06-09 01:30:31', '6d7ff6d9-6407-46f5-bab6-567cc749317a');
INSERT INTO `cft_relations` (`id`, `fieldId`, `sourceId`, `sourceLocale`, `targetId`, `sortOrder`, `dateCreated`, `dateUpdated`, `uid`) VALUES ('42', '17', '2', NULL, '4', '4', '2015-06-09 01:30:31', '2015-06-09 01:30:31', '3ef71fd6-259b-425f-975d-dd78a2b6e2e3');
INSERT INTO `cft_relations` (`id`, `fieldId`, `sourceId`, `sourceLocale`, `targetId`, `sortOrder`, `dateCreated`, `dateUpdated`, `uid`) VALUES ('43', '17', '2', NULL, '36', '5', '2015-06-09 01:30:31', '2015-06-09 01:30:31', '1814611f-6cbd-4372-83a1-13d0cb2dc2ec');
INSERT INTO `cft_relations` (`id`, `fieldId`, `sourceId`, `sourceLocale`, `targetId`, `sortOrder`, `dateCreated`, `dateUpdated`, `uid`) VALUES ('44', '17', '2', NULL, '60', '6', '2015-06-09 01:30:31', '2015-06-09 01:30:31', '2adf1530-7695-46e6-92bb-fa2a967fcb4e');
INSERT INTO `cft_relations` (`id`, `fieldId`, `sourceId`, `sourceLocale`, `targetId`, `sortOrder`, `dateCreated`, `dateUpdated`, `uid`) VALUES ('45', '17', '2', NULL, '62', '7', '2015-06-09 01:30:31', '2015-06-09 01:30:31', '3d85a3ff-e768-46fa-ab99-2074fc217875');
INSERT INTO `cft_relations` (`id`, `fieldId`, `sourceId`, `sourceLocale`, `targetId`, `sortOrder`, `dateCreated`, `dateUpdated`, `uid`) VALUES ('46', '17', '2', NULL, '63', '8', '2015-06-09 01:30:31', '2015-06-09 01:30:31', '0c15463e-eab8-420f-b868-bb4bd162ec08');
INSERT INTO `cft_relations` (`id`, `fieldId`, `sourceId`, `sourceLocale`, `targetId`, `sortOrder`, `dateCreated`, `dateUpdated`, `uid`) VALUES ('79', '7', '59', NULL, '56', '1', '2015-06-09 01:45:10', '2015-06-09 01:45:10', '02c7fbc3-e42e-451b-b1e8-7881f96aa571');
INSERT INTO `cft_relations` (`id`, `fieldId`, `sourceId`, `sourceLocale`, `targetId`, `sortOrder`, `dateCreated`, `dateUpdated`, `uid`) VALUES ('80', '8', '59', NULL, '45', '1', '2015-06-09 01:45:10', '2015-06-09 01:45:10', '6f60898a-6363-40c2-a447-6b8236a9e34c');
INSERT INTO `cft_relations` (`id`, `fieldId`, `sourceId`, `sourceLocale`, `targetId`, `sortOrder`, `dateCreated`, `dateUpdated`, `uid`) VALUES ('81', '6', '59', NULL, '43', '1', '2015-06-09 01:45:10', '2015-06-09 01:45:10', '73de71d0-f70b-4f65-9635-8322c3ab4e33');
INSERT INTO `cft_relations` (`id`, `fieldId`, `sourceId`, `sourceLocale`, `targetId`, `sortOrder`, `dateCreated`, `dateUpdated`, `uid`) VALUES ('82', '6', '59', NULL, '23', '2', '2015-06-09 01:45:10', '2015-06-09 01:45:10', '44b37a4b-9ef8-42a3-a7b1-cee883dd4b03');
INSERT INTO `cft_relations` (`id`, `fieldId`, `sourceId`, `sourceLocale`, `targetId`, `sortOrder`, `dateCreated`, `dateUpdated`, `uid`) VALUES ('83', '6', '59', NULL, '64', '3', '2015-06-09 01:45:10', '2015-06-09 01:45:10', 'b2a964b4-2903-4a9c-b09a-67c51deb03ef');
INSERT INTO `cft_relations` (`id`, `fieldId`, `sourceId`, `sourceLocale`, `targetId`, `sortOrder`, `dateCreated`, `dateUpdated`, `uid`) VALUES ('84', '6', '59', NULL, '24', '4', '2015-06-09 01:45:10', '2015-06-09 01:45:10', '53f72117-8ef5-4cbe-8f83-e93492fb7028');
INSERT INTO `cft_relations` (`id`, `fieldId`, `sourceId`, `sourceLocale`, `targetId`, `sortOrder`, `dateCreated`, `dateUpdated`, `uid`) VALUES ('85', '6', '59', NULL, '33', '5', '2015-06-09 01:45:10', '2015-06-09 01:45:10', '852bc4b5-fe2c-489c-8adc-bd26ae4266b9');
INSERT INTO `cft_relations` (`id`, `fieldId`, `sourceId`, `sourceLocale`, `targetId`, `sortOrder`, `dateCreated`, `dateUpdated`, `uid`) VALUES ('86', '6', '59', NULL, '34', '6', '2015-06-09 01:45:10', '2015-06-09 01:45:10', '0ff9562d-f416-4948-b1b6-cdf20cffda34');
INSERT INTO `cft_relations` (`id`, `fieldId`, `sourceId`, `sourceLocale`, `targetId`, `sortOrder`, `dateCreated`, `dateUpdated`, `uid`) VALUES ('87', '6', '59', NULL, '65', '7', '2015-06-09 01:45:10', '2015-06-09 01:45:10', 'cce7fedc-ed22-4159-b9ea-4b69c3e057ba');
INSERT INTO `cft_relations` (`id`, `fieldId`, `sourceId`, `sourceLocale`, `targetId`, `sortOrder`, `dateCreated`, `dateUpdated`, `uid`) VALUES ('88', '6', '59', NULL, '66', '8', '2015-06-09 01:45:10', '2015-06-09 01:45:10', '8e0df05a-5177-4241-a33b-721dc280d89c');
INSERT INTO `cft_relations` (`id`, `fieldId`, `sourceId`, `sourceLocale`, `targetId`, `sortOrder`, `dateCreated`, `dateUpdated`, `uid`) VALUES ('89', '6', '59', NULL, '67', '9', '2015-06-09 01:45:10', '2015-06-09 01:45:10', '96a248da-246a-404d-ab0a-cf22ceffae56');
INSERT INTO `cft_relations` (`id`, `fieldId`, `sourceId`, `sourceLocale`, `targetId`, `sortOrder`, `dateCreated`, `dateUpdated`, `uid`) VALUES ('90', '7', '44', NULL, '57', '1', '2015-06-09 01:46:40', '2015-06-09 01:46:40', 'b13481d6-a116-4657-8a9a-a2d56d698086');
INSERT INTO `cft_relations` (`id`, `fieldId`, `sourceId`, `sourceLocale`, `targetId`, `sortOrder`, `dateCreated`, `dateUpdated`, `uid`) VALUES ('91', '8', '44', NULL, '51', '1', '2015-06-09 01:46:40', '2015-06-09 01:46:40', 'ddfdff58-d53a-47e0-acb4-a9dfcd8c1a72');
INSERT INTO `cft_relations` (`id`, `fieldId`, `sourceId`, `sourceLocale`, `targetId`, `sortOrder`, `dateCreated`, `dateUpdated`, `uid`) VALUES ('92', '6', '44', NULL, '43', '1', '2015-06-09 01:46:40', '2015-06-09 01:46:40', '332619f6-be32-45c6-b122-1d6b1a0a6f72');
INSERT INTO `cft_relations` (`id`, `fieldId`, `sourceId`, `sourceLocale`, `targetId`, `sortOrder`, `dateCreated`, `dateUpdated`, `uid`) VALUES ('93', '6', '44', NULL, '23', '2', '2015-06-09 01:46:40', '2015-06-09 01:46:40', '1889018b-3687-4906-906f-da4cbe059430');
INSERT INTO `cft_relations` (`id`, `fieldId`, `sourceId`, `sourceLocale`, `targetId`, `sortOrder`, `dateCreated`, `dateUpdated`, `uid`) VALUES ('94', '6', '44', NULL, '64', '3', '2015-06-09 01:46:40', '2015-06-09 01:46:40', '800ec7c1-6d09-4ff1-b94a-cdacbd5263c0');
INSERT INTO `cft_relations` (`id`, `fieldId`, `sourceId`, `sourceLocale`, `targetId`, `sortOrder`, `dateCreated`, `dateUpdated`, `uid`) VALUES ('95', '6', '44', NULL, '24', '4', '2015-06-09 01:46:40', '2015-06-09 01:46:40', 'a08c618e-b0d5-4cdc-a1bb-e2d895b420d9');
INSERT INTO `cft_relations` (`id`, `fieldId`, `sourceId`, `sourceLocale`, `targetId`, `sortOrder`, `dateCreated`, `dateUpdated`, `uid`) VALUES ('96', '6', '44', NULL, '33', '5', '2015-06-09 01:46:40', '2015-06-09 01:46:40', 'c8966924-355f-4231-b1c1-03043f0fb5bf');
INSERT INTO `cft_relations` (`id`, `fieldId`, `sourceId`, `sourceLocale`, `targetId`, `sortOrder`, `dateCreated`, `dateUpdated`, `uid`) VALUES ('97', '6', '44', NULL, '34', '6', '2015-06-09 01:46:40', '2015-06-09 01:46:40', '48dd6359-fda5-42cb-b114-e09faa760acf');
INSERT INTO `cft_relations` (`id`, `fieldId`, `sourceId`, `sourceLocale`, `targetId`, `sortOrder`, `dateCreated`, `dateUpdated`, `uid`) VALUES ('98', '6', '44', NULL, '65', '7', '2015-06-09 01:46:40', '2015-06-09 01:46:40', '0faae2be-9a77-4f0e-9b95-7123dd4cb2a9');
INSERT INTO `cft_relations` (`id`, `fieldId`, `sourceId`, `sourceLocale`, `targetId`, `sortOrder`, `dateCreated`, `dateUpdated`, `uid`) VALUES ('99', '6', '44', NULL, '66', '8', '2015-06-09 01:46:40', '2015-06-09 01:46:40', 'ad80d27a-069c-4f55-b78b-6c4a8dce1a83');
INSERT INTO `cft_relations` (`id`, `fieldId`, `sourceId`, `sourceLocale`, `targetId`, `sortOrder`, `dateCreated`, `dateUpdated`, `uid`) VALUES ('100', '6', '44', NULL, '67', '9', '2015-06-09 01:46:40', '2015-06-09 01:46:40', 'fa36ff3e-45bb-40b5-9df4-cf32fd9413ae');
INSERT INTO `cft_relations` (`id`, `fieldId`, `sourceId`, `sourceLocale`, `targetId`, `sortOrder`, `dateCreated`, `dateUpdated`, `uid`) VALUES ('113', '7', '26', NULL, '9', '1', '2015-06-09 01:48:11', '2015-06-09 01:48:11', '72ad60de-81d9-443e-9411-af67d6bddba9');
INSERT INTO `cft_relations` (`id`, `fieldId`, `sourceId`, `sourceLocale`, `targetId`, `sortOrder`, `dateCreated`, `dateUpdated`, `uid`) VALUES ('114', '8', '26', NULL, '48', '1', '2015-06-09 01:48:11', '2015-06-09 01:48:11', 'a9845c04-ff1e-4316-87de-d948c399d873');
INSERT INTO `cft_relations` (`id`, `fieldId`, `sourceId`, `sourceLocale`, `targetId`, `sortOrder`, `dateCreated`, `dateUpdated`, `uid`) VALUES ('115', '6', '26', NULL, '25', '1', '2015-06-09 01:48:11', '2015-06-09 01:48:11', '3fdb47d5-d24e-46ba-8f82-f378e85d9497');
INSERT INTO `cft_relations` (`id`, `fieldId`, `sourceId`, `sourceLocale`, `targetId`, `sortOrder`, `dateCreated`, `dateUpdated`, `uid`) VALUES ('116', '6', '26', NULL, '23', '2', '2015-06-09 01:48:11', '2015-06-09 01:48:11', 'c00e154d-5262-4a01-9d48-7187fc0563b8');
INSERT INTO `cft_relations` (`id`, `fieldId`, `sourceId`, `sourceLocale`, `targetId`, `sortOrder`, `dateCreated`, `dateUpdated`, `uid`) VALUES ('117', '6', '26', NULL, '24', '3', '2015-06-09 01:48:11', '2015-06-09 01:48:11', '1d58525e-2b0b-4607-8ec0-26c6c41ec05a');
INSERT INTO `cft_relations` (`id`, `fieldId`, `sourceId`, `sourceLocale`, `targetId`, `sortOrder`, `dateCreated`, `dateUpdated`, `uid`) VALUES ('118', '6', '26', NULL, '66', '4', '2015-06-09 01:48:11', '2015-06-09 01:48:11', '759dadbf-2703-4427-bd51-e94944d356a5');
INSERT INTO `cft_relations` (`id`, `fieldId`, `sourceId`, `sourceLocale`, `targetId`, `sortOrder`, `dateCreated`, `dateUpdated`, `uid`) VALUES ('119', '6', '26', NULL, '33', '5', '2015-06-09 01:48:11', '2015-06-09 01:48:11', '5c6a3698-6493-40a2-b07b-850e7e3dba8c');
INSERT INTO `cft_relations` (`id`, `fieldId`, `sourceId`, `sourceLocale`, `targetId`, `sortOrder`, `dateCreated`, `dateUpdated`, `uid`) VALUES ('120', '6', '26', NULL, '34', '6', '2015-06-09 01:48:11', '2015-06-09 01:48:11', '162be3c5-b579-45a3-96c2-df0c6d69e683');
INSERT INTO `cft_relations` (`id`, `fieldId`, `sourceId`, `sourceLocale`, `targetId`, `sortOrder`, `dateCreated`, `dateUpdated`, `uid`) VALUES ('129', '7', '60', NULL, '12', '1', '2015-06-09 01:49:33', '2015-06-09 01:49:33', '18bec0a9-c009-4293-b9a0-9dfe12adf6d0');
INSERT INTO `cft_relations` (`id`, `fieldId`, `sourceId`, `sourceLocale`, `targetId`, `sortOrder`, `dateCreated`, `dateUpdated`, `uid`) VALUES ('130', '8', '60', NULL, '52', '1', '2015-06-09 01:49:33', '2015-06-09 01:49:33', '1ffe88e6-b824-4f81-a141-1f5dd9ecf6b8');
INSERT INTO `cft_relations` (`id`, `fieldId`, `sourceId`, `sourceLocale`, `targetId`, `sortOrder`, `dateCreated`, `dateUpdated`, `uid`) VALUES ('131', '6', '60', NULL, '25', '1', '2015-06-09 01:49:33', '2015-06-09 01:49:33', '0697b4f8-3740-4c85-b867-d1a30104a6ce');
INSERT INTO `cft_relations` (`id`, `fieldId`, `sourceId`, `sourceLocale`, `targetId`, `sortOrder`, `dateCreated`, `dateUpdated`, `uid`) VALUES ('132', '6', '60', NULL, '23', '2', '2015-06-09 01:49:33', '2015-06-09 01:49:33', 'c142b741-4a94-4ff9-aab4-b7944cdd78c4');
INSERT INTO `cft_relations` (`id`, `fieldId`, `sourceId`, `sourceLocale`, `targetId`, `sortOrder`, `dateCreated`, `dateUpdated`, `uid`) VALUES ('133', '6', '60', NULL, '24', '3', '2015-06-09 01:49:33', '2015-06-09 01:49:33', '4a175d1d-0e8c-491d-bc48-0235aae55a40');
INSERT INTO `cft_relations` (`id`, `fieldId`, `sourceId`, `sourceLocale`, `targetId`, `sortOrder`, `dateCreated`, `dateUpdated`, `uid`) VALUES ('134', '6', '60', NULL, '33', '4', '2015-06-09 01:49:33', '2015-06-09 01:49:33', '2dadacd7-dcfa-456e-8843-06d7b9822263');
INSERT INTO `cft_relations` (`id`, `fieldId`, `sourceId`, `sourceLocale`, `targetId`, `sortOrder`, `dateCreated`, `dateUpdated`, `uid`) VALUES ('135', '6', '60', NULL, '34', '5', '2015-06-09 01:49:33', '2015-06-09 01:49:33', 'dc7b2589-5771-4691-b0a4-17fe31326371');
INSERT INTO `cft_relations` (`id`, `fieldId`, `sourceId`, `sourceLocale`, `targetId`, `sortOrder`, `dateCreated`, `dateUpdated`, `uid`) VALUES ('136', '6', '60', NULL, '65', '6', '2015-06-09 01:49:33', '2015-06-09 01:49:33', '3fd495a6-a110-497e-9691-a7738f0f4514');
INSERT INTO `cft_relations` (`id`, `fieldId`, `sourceId`, `sourceLocale`, `targetId`, `sortOrder`, `dateCreated`, `dateUpdated`, `uid`) VALUES ('137', '7', '62', NULL, '7', '1', '2015-06-09 01:51:23', '2015-06-09 01:51:23', 'c2811422-0ebc-4fd4-8ac3-74766eaa21bc');
INSERT INTO `cft_relations` (`id`, `fieldId`, `sourceId`, `sourceLocale`, `targetId`, `sortOrder`, `dateCreated`, `dateUpdated`, `uid`) VALUES ('138', '8', '62', NULL, '46', '1', '2015-06-09 01:51:23', '2015-06-09 01:51:23', '8f2d1729-2691-4916-ba5e-f5649b8b46c2');
INSERT INTO `cft_relations` (`id`, `fieldId`, `sourceId`, `sourceLocale`, `targetId`, `sortOrder`, `dateCreated`, `dateUpdated`, `uid`) VALUES ('139', '6', '62', NULL, '61', '1', '2015-06-09 01:51:23', '2015-06-09 01:51:23', '6b69877c-d6df-4420-8b73-b1c68fe2f499');
INSERT INTO `cft_relations` (`id`, `fieldId`, `sourceId`, `sourceLocale`, `targetId`, `sortOrder`, `dateCreated`, `dateUpdated`, `uid`) VALUES ('140', '6', '62', NULL, '74', '2', '2015-06-09 01:51:23', '2015-06-09 01:51:23', '5f9801c3-719d-4b0b-9e04-ab658c91196f');
INSERT INTO `cft_relations` (`id`, `fieldId`, `sourceId`, `sourceLocale`, `targetId`, `sortOrder`, `dateCreated`, `dateUpdated`, `uid`) VALUES ('141', '6', '62', NULL, '33', '3', '2015-06-09 01:51:23', '2015-06-09 01:51:23', 'f092c974-4552-4128-8acc-df529e2a444c');
INSERT INTO `cft_relations` (`id`, `fieldId`, `sourceId`, `sourceLocale`, `targetId`, `sortOrder`, `dateCreated`, `dateUpdated`, `uid`) VALUES ('142', '6', '62', NULL, '34', '4', '2015-06-09 01:51:23', '2015-06-09 01:51:23', 'a6fd0c8c-46c7-44ce-b8b5-bcc10baec553');
INSERT INTO `cft_relations` (`id`, `fieldId`, `sourceId`, `sourceLocale`, `targetId`, `sortOrder`, `dateCreated`, `dateUpdated`, `uid`) VALUES ('143', '6', '62', NULL, '65', '5', '2015-06-09 01:51:23', '2015-06-09 01:51:23', 'e03b3013-4e83-48d7-b713-3369f4aca4da');
INSERT INTO `cft_relations` (`id`, `fieldId`, `sourceId`, `sourceLocale`, `targetId`, `sortOrder`, `dateCreated`, `dateUpdated`, `uid`) VALUES ('144', '6', '62', NULL, '77', '6', '2015-06-09 01:51:23', '2015-06-09 01:51:23', '2713521c-b328-4025-ae2b-44a57b8d36be');
INSERT INTO `cft_relations` (`id`, `fieldId`, `sourceId`, `sourceLocale`, `targetId`, `sortOrder`, `dateCreated`, `dateUpdated`, `uid`) VALUES ('145', '6', '62', NULL, '78', '7', '2015-06-09 01:51:23', '2015-06-09 01:51:23', '6d128933-1832-45c9-aac7-188d11de70b4');
INSERT INTO `cft_relations` (`id`, `fieldId`, `sourceId`, `sourceLocale`, `targetId`, `sortOrder`, `dateCreated`, `dateUpdated`, `uid`) VALUES ('146', '6', '62', NULL, '75', '8', '2015-06-09 01:51:23', '2015-06-09 01:51:23', '3af3f7a4-8836-4470-a8e9-cc0a661f06fd');
INSERT INTO `cft_relations` (`id`, `fieldId`, `sourceId`, `sourceLocale`, `targetId`, `sortOrder`, `dateCreated`, `dateUpdated`, `uid`) VALUES ('147', '6', '62', NULL, '76', '9', '2015-06-09 01:51:23', '2015-06-09 01:51:23', 'c99286da-7fa0-403d-bf35-6e3eaacbbb11');
INSERT INTO `cft_relations` (`id`, `fieldId`, `sourceId`, `sourceLocale`, `targetId`, `sortOrder`, `dateCreated`, `dateUpdated`, `uid`) VALUES ('148', '7', '63', NULL, '14', '1', '2015-06-09 01:53:05', '2015-06-09 01:53:05', 'd94bb0af-dffc-486d-a0c6-0cb120261a31');
INSERT INTO `cft_relations` (`id`, `fieldId`, `sourceId`, `sourceLocale`, `targetId`, `sortOrder`, `dateCreated`, `dateUpdated`, `uid`) VALUES ('149', '8', '63', NULL, '54', '1', '2015-06-09 01:53:05', '2015-06-09 01:53:05', '3f241399-ce4e-42e8-91a2-3a357df880f1');
INSERT INTO `cft_relations` (`id`, `fieldId`, `sourceId`, `sourceLocale`, `targetId`, `sortOrder`, `dateCreated`, `dateUpdated`, `uid`) VALUES ('150', '6', '63', NULL, '61', '1', '2015-06-09 01:53:05', '2015-06-09 01:53:05', 'd7f6f058-adea-488c-8efb-f2441e0ec96c');
INSERT INTO `cft_relations` (`id`, `fieldId`, `sourceId`, `sourceLocale`, `targetId`, `sortOrder`, `dateCreated`, `dateUpdated`, `uid`) VALUES ('151', '6', '63', NULL, '68', '2', '2015-06-09 01:53:05', '2015-06-09 01:53:05', '0fbb4803-48ac-411b-bce3-ac1354724fb9');
INSERT INTO `cft_relations` (`id`, `fieldId`, `sourceId`, `sourceLocale`, `targetId`, `sortOrder`, `dateCreated`, `dateUpdated`, `uid`) VALUES ('152', '6', '63', NULL, '33', '3', '2015-06-09 01:53:05', '2015-06-09 01:53:05', '2c975b80-c083-4c1d-8e92-5d72afa3deb6');
INSERT INTO `cft_relations` (`id`, `fieldId`, `sourceId`, `sourceLocale`, `targetId`, `sortOrder`, `dateCreated`, `dateUpdated`, `uid`) VALUES ('153', '6', '63', NULL, '34', '4', '2015-06-09 01:53:05', '2015-06-09 01:53:05', '6835bc77-97a5-45ba-8f65-f3189c26b60f');
INSERT INTO `cft_relations` (`id`, `fieldId`, `sourceId`, `sourceLocale`, `targetId`, `sortOrder`, `dateCreated`, `dateUpdated`, `uid`) VALUES ('154', '6', '63', NULL, '65', '5', '2015-06-09 01:53:05', '2015-06-09 01:53:05', 'b54f4b81-739b-4ecc-8240-7e9cada6ece9');
INSERT INTO `cft_relations` (`id`, `fieldId`, `sourceId`, `sourceLocale`, `targetId`, `sortOrder`, `dateCreated`, `dateUpdated`, `uid`) VALUES ('155', '6', '63', NULL, '77', '6', '2015-06-09 01:53:05', '2015-06-09 01:53:05', 'ed35d467-5cad-453b-981c-b33caae7dcc8');
INSERT INTO `cft_relations` (`id`, `fieldId`, `sourceId`, `sourceLocale`, `targetId`, `sortOrder`, `dateCreated`, `dateUpdated`, `uid`) VALUES ('156', '6', '63', NULL, '24', '7', '2015-06-09 01:53:05', '2015-06-09 01:53:05', '1fd6551e-480a-485a-90e1-20683dc5ec3d');
INSERT INTO `cft_relations` (`id`, `fieldId`, `sourceId`, `sourceLocale`, `targetId`, `sortOrder`, `dateCreated`, `dateUpdated`, `uid`) VALUES ('157', '6', '63', NULL, '79', '8', '2015-06-09 01:53:05', '2015-06-09 01:53:05', '4b0ca13e-bda1-48f6-8e54-645c738bc0bf');
INSERT INTO `cft_relations` (`id`, `fieldId`, `sourceId`, `sourceLocale`, `targetId`, `sortOrder`, `dateCreated`, `dateUpdated`, `uid`) VALUES ('158', '6', '63', NULL, '75', '9', '2015-06-09 01:53:05', '2015-06-09 01:53:05', 'b7e43c9f-6fad-47ff-b55f-35bb4126bca7');
INSERT INTO `cft_relations` (`id`, `fieldId`, `sourceId`, `sourceLocale`, `targetId`, `sortOrder`, `dateCreated`, `dateUpdated`, `uid`) VALUES ('159', '6', '63', NULL, '76', '10', '2015-06-09 01:53:05', '2015-06-09 01:53:05', '96874a6a-a141-4992-8f21-a1a14f48bd93');
INSERT INTO `cft_relations` (`id`, `fieldId`, `sourceId`, `sourceLocale`, `targetId`, `sortOrder`, `dateCreated`, `dateUpdated`, `uid`) VALUES ('160', '7', '36', NULL, '8', '1', '2015-06-09 01:53:29', '2015-06-09 01:53:29', '5454310f-9778-48f3-a157-7a746c5cff5f');
INSERT INTO `cft_relations` (`id`, `fieldId`, `sourceId`, `sourceLocale`, `targetId`, `sortOrder`, `dateCreated`, `dateUpdated`, `uid`) VALUES ('161', '8', '36', NULL, '47', '1', '2015-06-09 01:53:29', '2015-06-09 01:53:29', 'ffc22c7c-7c1a-4175-861b-e6de7a75d045');
INSERT INTO `cft_relations` (`id`, `fieldId`, `sourceId`, `sourceLocale`, `targetId`, `sortOrder`, `dateCreated`, `dateUpdated`, `uid`) VALUES ('162', '6', '36', NULL, '25', '1', '2015-06-09 01:53:29', '2015-06-09 01:53:29', 'e8aa629b-1198-4088-aff7-e4d4e54d63cb');
INSERT INTO `cft_relations` (`id`, `fieldId`, `sourceId`, `sourceLocale`, `targetId`, `sortOrder`, `dateCreated`, `dateUpdated`, `uid`) VALUES ('163', '6', '36', NULL, '23', '2', '2015-06-09 01:53:29', '2015-06-09 01:53:29', '4b60638f-b378-481c-8962-b1571648e0a3');
INSERT INTO `cft_relations` (`id`, `fieldId`, `sourceId`, `sourceLocale`, `targetId`, `sortOrder`, `dateCreated`, `dateUpdated`, `uid`) VALUES ('164', '6', '36', NULL, '24', '3', '2015-06-09 01:53:29', '2015-06-09 01:53:29', 'be28476a-0035-49a3-b652-5d109bfd0137');
INSERT INTO `cft_relations` (`id`, `fieldId`, `sourceId`, `sourceLocale`, `targetId`, `sortOrder`, `dateCreated`, `dateUpdated`, `uid`) VALUES ('165', '6', '36', NULL, '33', '4', '2015-06-09 01:53:29', '2015-06-09 01:53:29', 'ac6a65a7-7fc6-457b-bfaa-6b664084148a');
INSERT INTO `cft_relations` (`id`, `fieldId`, `sourceId`, `sourceLocale`, `targetId`, `sortOrder`, `dateCreated`, `dateUpdated`, `uid`) VALUES ('166', '6', '36', NULL, '34', '5', '2015-06-09 01:53:29', '2015-06-09 01:53:29', '66e78931-50de-4747-a721-283a5beac55c');
INSERT INTO `cft_relations` (`id`, `fieldId`, `sourceId`, `sourceLocale`, `targetId`, `sortOrder`, `dateCreated`, `dateUpdated`, `uid`) VALUES ('167', '6', '36', NULL, '65', '6', '2015-06-09 01:53:29', '2015-06-09 01:53:29', '6a04b20d-67fd-423b-b838-fdec400a8bc3');
INSERT INTO `cft_relations` (`id`, `fieldId`, `sourceId`, `sourceLocale`, `targetId`, `sortOrder`, `dateCreated`, `dateUpdated`, `uid`) VALUES ('168', '7', '4', NULL, '6', '1', '2015-06-09 01:54:04', '2015-06-09 01:54:04', '27a8f77f-03c2-4cf2-9f35-f72660b3f555');
INSERT INTO `cft_relations` (`id`, `fieldId`, `sourceId`, `sourceLocale`, `targetId`, `sortOrder`, `dateCreated`, `dateUpdated`, `uid`) VALUES ('169', '8', '4', NULL, '49', '1', '2015-06-09 01:54:04', '2015-06-09 01:54:04', 'd24074ff-2fa3-434c-bc84-bcda3584b3f6');
INSERT INTO `cft_relations` (`id`, `fieldId`, `sourceId`, `sourceLocale`, `targetId`, `sortOrder`, `dateCreated`, `dateUpdated`, `uid`) VALUES ('170', '6', '4', NULL, '61', '1', '2015-06-09 01:54:04', '2015-06-09 01:54:04', 'f9aaa17d-4682-4bcd-b94b-4908967eabfa');
INSERT INTO `cft_relations` (`id`, `fieldId`, `sourceId`, `sourceLocale`, `targetId`, `sortOrder`, `dateCreated`, `dateUpdated`, `uid`) VALUES ('171', '6', '4', NULL, '68', '2', '2015-06-09 01:54:04', '2015-06-09 01:54:04', 'c2490f5f-947e-4ed1-8b8a-5015669dbb7f');
INSERT INTO `cft_relations` (`id`, `fieldId`, `sourceId`, `sourceLocale`, `targetId`, `sortOrder`, `dateCreated`, `dateUpdated`, `uid`) VALUES ('172', '6', '4', NULL, '33', '3', '2015-06-09 01:54:04', '2015-06-09 01:54:04', 'b45d6cf2-11ba-41d9-b19f-ac33191fb2e3');
INSERT INTO `cft_relations` (`id`, `fieldId`, `sourceId`, `sourceLocale`, `targetId`, `sortOrder`, `dateCreated`, `dateUpdated`, `uid`) VALUES ('173', '6', '4', NULL, '34', '4', '2015-06-09 01:54:04', '2015-06-09 01:54:04', '20782abc-c3e4-4627-a225-b36fa492933c');
INSERT INTO `cft_relations` (`id`, `fieldId`, `sourceId`, `sourceLocale`, `targetId`, `sortOrder`, `dateCreated`, `dateUpdated`, `uid`) VALUES ('174', '6', '4', NULL, '65', '5', '2015-06-09 01:54:04', '2015-06-09 01:54:04', '829631c9-1b75-45f9-99fe-5d09caa7c552');
INSERT INTO `cft_relations` (`id`, `fieldId`, `sourceId`, `sourceLocale`, `targetId`, `sortOrder`, `dateCreated`, `dateUpdated`, `uid`) VALUES ('175', '6', '4', NULL, '69', '6', '2015-06-09 01:54:04', '2015-06-09 01:54:04', 'e7cb6410-42e4-4a77-94c9-eac33287c3b2');
INSERT INTO `cft_relations` (`id`, `fieldId`, `sourceId`, `sourceLocale`, `targetId`, `sortOrder`, `dateCreated`, `dateUpdated`, `uid`) VALUES ('176', '6', '4', NULL, '70', '7', '2015-06-09 01:54:04', '2015-06-09 01:54:04', '561da0c2-99bb-4d72-b00c-2a69c0366694');
INSERT INTO `cft_relations` (`id`, `fieldId`, `sourceId`, `sourceLocale`, `targetId`, `sortOrder`, `dateCreated`, `dateUpdated`, `uid`) VALUES ('177', '6', '4', NULL, '71', '8', '2015-06-09 01:54:04', '2015-06-09 01:54:04', '94c92c18-f4b5-477e-8984-c85411e2470b');
INSERT INTO `cft_relations` (`id`, `fieldId`, `sourceId`, `sourceLocale`, `targetId`, `sortOrder`, `dateCreated`, `dateUpdated`, `uid`) VALUES ('178', '6', '4', NULL, '73', '9', '2015-06-09 01:54:04', '2015-06-09 01:54:04', 'fc9a52ec-0372-4bfe-b015-46d93ea53ea3');
INSERT INTO `cft_relations` (`id`, `fieldId`, `sourceId`, `sourceLocale`, `targetId`, `sortOrder`, `dateCreated`, `dateUpdated`, `uid`) VALUES ('179', '6', '4', NULL, '75', '10', '2015-06-09 01:54:04', '2015-06-09 01:54:04', '0bdf0e10-ec1e-446f-9933-fe9d88688c5e');
INSERT INTO `cft_relations` (`id`, `fieldId`, `sourceId`, `sourceLocale`, `targetId`, `sortOrder`, `dateCreated`, `dateUpdated`, `uid`) VALUES ('180', '6', '4', NULL, '72', '11', '2015-06-09 01:54:04', '2015-06-09 01:54:04', '9a4686ab-2f2a-4f47-8b6c-716013267063');



DROP TABLE IF EXISTS `cft_routes`;


--
-- Schema for table `cft_routes`
--
CREATE TABLE `cft_routes` (
  `id` int(11) NOT NULL AUTO_INCREMENT,
  `locale` char(12) COLLATE utf8_unicode_ci DEFAULT NULL,
  `urlParts` varchar(255) COLLATE utf8_unicode_ci NOT NULL,
  `urlPattern` varchar(255) COLLATE utf8_unicode_ci NOT NULL,
  `template` varchar(255) COLLATE utf8_unicode_ci NOT NULL,
  `sortOrder` tinyint(4) DEFAULT NULL,
  `dateCreated` datetime NOT NULL,
  `dateUpdated` datetime NOT NULL,
  `uid` char(36) COLLATE utf8_unicode_ci NOT NULL DEFAULT '0',
  PRIMARY KEY (`id`),
  UNIQUE KEY `cft_routes_urlPattern_unq_idx` (`urlPattern`),
  KEY `cft_routes_locale_idx` (`locale`)
) ENGINE=InnoDB DEFAULT CHARSET=utf8 COLLATE=utf8_unicode_ci;

DROP TABLE IF EXISTS `cft_searchindex`;


--
-- Schema for table `cft_searchindex`
--
CREATE TABLE `cft_searchindex` (
  `elementId` int(11) NOT NULL,
  `attribute` varchar(25) COLLATE utf8_unicode_ci NOT NULL,
  `fieldId` int(11) NOT NULL,
  `locale` char(12) COLLATE utf8_unicode_ci NOT NULL,
  `keywords` text COLLATE utf8_unicode_ci NOT NULL,
  PRIMARY KEY (`elementId`,`attribute`,`fieldId`,`locale`),
  FULLTEXT KEY `cft_searchindex_keywords_idx` (`keywords`)
) ENGINE=MyISAM DEFAULT CHARSET=utf8 COLLATE=utf8_unicode_ci;

--
-- Data for table `cft_searchindex`
--

INSERT INTO `cft_searchindex` (`elementId`, `attribute`, `fieldId`, `locale`, `keywords`) VALUES ('1', 'username', '0', 'en_us', ' alex ');
INSERT INTO `cft_searchindex` (`elementId`, `attribute`, `fieldId`, `locale`, `keywords`) VALUES ('1', 'firstname', '0', 'en_us', '');
INSERT INTO `cft_searchindex` (`elementId`, `attribute`, `fieldId`, `locale`, `keywords`) VALUES ('1', 'lastname', '0', 'en_us', '');
INSERT INTO `cft_searchindex` (`elementId`, `attribute`, `fieldId`, `locale`, `keywords`) VALUES ('1', 'fullname', '0', 'en_us', '');
INSERT INTO `cft_searchindex` (`elementId`, `attribute`, `fieldId`, `locale`, `keywords`) VALUES ('1', 'email', '0', 'en_us', ' alexvanholtz gmail com ');
INSERT INTO `cft_searchindex` (`elementId`, `attribute`, `fieldId`, `locale`, `keywords`) VALUES ('1', 'slug', '0', 'en_us', '');
INSERT INTO `cft_searchindex` (`elementId`, `attribute`, `fieldId`, `locale`, `keywords`) VALUES ('2', 'field', '1', 'en_us', ' i m a full stack web developer currently living in orlando florida i create web sites and applications for full sail university s award winning in house creative team platinum creative i instagram too many photos of my pets and make a banana bread that ll knock your socks off ');
INSERT INTO `cft_searchindex` (`elementId`, `attribute`, `fieldId`, `locale`, `keywords`) VALUES ('2', 'field', '11', 'en_us', ' hi i m alex i m a full stack web developer currently living in orlando florida i create web sites and applications for full sail university s award winning in house creative team platinum creative i instagram too many photos of my pets and make a banana bread that ll knock your socks off alexvanholtzresume resume ');
INSERT INTO `cft_searchindex` (`elementId`, `attribute`, `fieldId`, `locale`, `keywords`) VALUES ('2', 'slug', '0', 'en_us', ' homepage ');
INSERT INTO `cft_searchindex` (`elementId`, `attribute`, `fieldId`, `locale`, `keywords`) VALUES ('2', 'title', '0', 'en_us', ' home ');
INSERT INTO `cft_searchindex` (`elementId`, `attribute`, `fieldId`, `locale`, `keywords`) VALUES ('4', 'field', '5', 'en_us', ' http www fullsail edu ');
INSERT INTO `cft_searchindex` (`elementId`, `attribute`, `fieldId`, `locale`, `keywords`) VALUES ('4', 'field', '6', 'en_us', ' coldfusion fusebox html css javascript alfresco xml social apis load balanced deployments mvc mod_rewrite ');
INSERT INTO `cft_searchindex` (`elementId`, `attribute`, `fieldId`, `locale`, `keywords`) VALUES ('4', 'field', '7', 'en_us', ' bg fullsail ');
INSERT INTO `cft_searchindex` (`elementId`, `attribute`, `fieldId`, `locale`, `keywords`) VALUES ('4', 'slug', '0', 'en_us', ' full sail university ');
INSERT INTO `cft_searchindex` (`elementId`, `attribute`, `fieldId`, `locale`, `keywords`) VALUES ('4', 'title', '0', 'en_us', ' full sail university ');
INSERT INTO `cft_searchindex` (`elementId`, `attribute`, `fieldId`, `locale`, `keywords`) VALUES ('4', 'field', '4', 'en_us', ' created the 2010 w3 silver award winning desktop and 2011 w3 silver award winning mobile sites for full sail university using fusebox a coldfusion xml based mvc framework ');
INSERT INTO `cft_searchindex` (`elementId`, `attribute`, `fieldId`, `locale`, `keywords`) VALUES ('4', 'field', '3', 'en_us', ' full sail university ');
INSERT INTO `cft_searchindex` (`elementId`, `attribute`, `fieldId`, `locale`, `keywords`) VALUES ('6', 'kind', '0', 'en_us', ' image ');
INSERT INTO `cft_searchindex` (`elementId`, `attribute`, `fieldId`, `locale`, `keywords`) VALUES ('6', 'extension', '0', 'en_us', ' jpg ');
INSERT INTO `cft_searchindex` (`elementId`, `attribute`, `fieldId`, `locale`, `keywords`) VALUES ('6', 'filename', '0', 'en_us', ' bg fullsail jpg ');
INSERT INTO `cft_searchindex` (`elementId`, `attribute`, `fieldId`, `locale`, `keywords`) VALUES ('6', 'slug', '0', 'en_us', ' bg fullsail ');
INSERT INTO `cft_searchindex` (`elementId`, `attribute`, `fieldId`, `locale`, `keywords`) VALUES ('6', 'title', '0', 'en_us', ' bg fullsail ');
INSERT INTO `cft_searchindex` (`elementId`, `attribute`, `fieldId`, `locale`, `keywords`) VALUES ('7', 'filename', '0', 'en_us', ' bg acs jpg ');
INSERT INTO `cft_searchindex` (`elementId`, `attribute`, `fieldId`, `locale`, `keywords`) VALUES ('7', 'extension', '0', 'en_us', ' jpg ');
INSERT INTO `cft_searchindex` (`elementId`, `attribute`, `fieldId`, `locale`, `keywords`) VALUES ('7', 'kind', '0', 'en_us', ' image ');
INSERT INTO `cft_searchindex` (`elementId`, `attribute`, `fieldId`, `locale`, `keywords`) VALUES ('7', 'slug', '0', 'en_us', ' bg acs ');
INSERT INTO `cft_searchindex` (`elementId`, `attribute`, `fieldId`, `locale`, `keywords`) VALUES ('7', 'title', '0', 'en_us', ' bg acs ');
INSERT INTO `cft_searchindex` (`elementId`, `attribute`, `fieldId`, `locale`, `keywords`) VALUES ('8', 'filename', '0', 'en_us', ' bg boggycreek jpg ');
INSERT INTO `cft_searchindex` (`elementId`, `attribute`, `fieldId`, `locale`, `keywords`) VALUES ('8', 'extension', '0', 'en_us', ' jpg ');
INSERT INTO `cft_searchindex` (`elementId`, `attribute`, `fieldId`, `locale`, `keywords`) VALUES ('8', 'kind', '0', 'en_us', ' image ');
INSERT INTO `cft_searchindex` (`elementId`, `attribute`, `fieldId`, `locale`, `keywords`) VALUES ('8', 'slug', '0', 'en_us', ' bg boggycreek ');
INSERT INTO `cft_searchindex` (`elementId`, `attribute`, `fieldId`, `locale`, `keywords`) VALUES ('8', 'title', '0', 'en_us', ' bg boggycreek ');
INSERT INTO `cft_searchindex` (`elementId`, `attribute`, `fieldId`, `locale`, `keywords`) VALUES ('9', 'filename', '0', 'en_us', ' bg fsblog jpg ');
INSERT INTO `cft_searchindex` (`elementId`, `attribute`, `fieldId`, `locale`, `keywords`) VALUES ('9', 'extension', '0', 'en_us', ' jpg ');
INSERT INTO `cft_searchindex` (`elementId`, `attribute`, `fieldId`, `locale`, `keywords`) VALUES ('9', 'kind', '0', 'en_us', ' image ');
INSERT INTO `cft_searchindex` (`elementId`, `attribute`, `fieldId`, `locale`, `keywords`) VALUES ('9', 'slug', '0', 'en_us', ' bg fsblog ');
INSERT INTO `cft_searchindex` (`elementId`, `attribute`, `fieldId`, `locale`, `keywords`) VALUES ('9', 'title', '0', 'en_us', ' bg fsblog ');
INSERT INTO `cft_searchindex` (`elementId`, `attribute`, `fieldId`, `locale`, `keywords`) VALUES ('60', 'field', '6', 'en_us', ' wordpress php mysql html css javascript ');
INSERT INTO `cft_searchindex` (`elementId`, `attribute`, `fieldId`, `locale`, `keywords`) VALUES ('60', 'field', '5', 'en_us', ' http www thinkingoutsidethebowl com maximumfitness ');
INSERT INTO `cft_searchindex` (`elementId`, `attribute`, `fieldId`, `locale`, `keywords`) VALUES ('11', 'filename', '0', 'en_us', ' bg gamedesign jpg ');
INSERT INTO `cft_searchindex` (`elementId`, `attribute`, `fieldId`, `locale`, `keywords`) VALUES ('11', 'extension', '0', 'en_us', ' jpg ');
INSERT INTO `cft_searchindex` (`elementId`, `attribute`, `fieldId`, `locale`, `keywords`) VALUES ('11', 'kind', '0', 'en_us', ' image ');
INSERT INTO `cft_searchindex` (`elementId`, `attribute`, `fieldId`, `locale`, `keywords`) VALUES ('11', 'slug', '0', 'en_us', ' bg gamedesign ');
INSERT INTO `cft_searchindex` (`elementId`, `attribute`, `fieldId`, `locale`, `keywords`) VALUES ('11', 'title', '0', 'en_us', ' bg gamedesign ');
INSERT INTO `cft_searchindex` (`elementId`, `attribute`, `fieldId`, `locale`, `keywords`) VALUES ('12', 'filename', '0', 'en_us', ' bg maxfitness jpg ');
INSERT INTO `cft_searchindex` (`elementId`, `attribute`, `fieldId`, `locale`, `keywords`) VALUES ('12', 'extension', '0', 'en_us', ' jpg ');
INSERT INTO `cft_searchindex` (`elementId`, `attribute`, `fieldId`, `locale`, `keywords`) VALUES ('12', 'kind', '0', 'en_us', ' image ');
INSERT INTO `cft_searchindex` (`elementId`, `attribute`, `fieldId`, `locale`, `keywords`) VALUES ('12', 'slug', '0', 'en_us', ' bg maxfitness ');
INSERT INTO `cft_searchindex` (`elementId`, `attribute`, `fieldId`, `locale`, `keywords`) VALUES ('12', 'title', '0', 'en_us', ' bg maxfitness ');
INSERT INTO `cft_searchindex` (`elementId`, `attribute`, `fieldId`, `locale`, `keywords`) VALUES ('13', 'filename', '0', 'en_us', ' bg mobileart jpg ');
INSERT INTO `cft_searchindex` (`elementId`, `attribute`, `fieldId`, `locale`, `keywords`) VALUES ('13', 'extension', '0', 'en_us', ' jpg ');
INSERT INTO `cft_searchindex` (`elementId`, `attribute`, `fieldId`, `locale`, `keywords`) VALUES ('13', 'kind', '0', 'en_us', ' image ');
INSERT INTO `cft_searchindex` (`elementId`, `attribute`, `fieldId`, `locale`, `keywords`) VALUES ('13', 'slug', '0', 'en_us', ' bg mobileart ');
INSERT INTO `cft_searchindex` (`elementId`, `attribute`, `fieldId`, `locale`, `keywords`) VALUES ('13', 'title', '0', 'en_us', ' bg mobileart ');
INSERT INTO `cft_searchindex` (`elementId`, `attribute`, `fieldId`, `locale`, `keywords`) VALUES ('14', 'filename', '0', 'en_us', ' bg youtube jpg ');
INSERT INTO `cft_searchindex` (`elementId`, `attribute`, `fieldId`, `locale`, `keywords`) VALUES ('14', 'extension', '0', 'en_us', ' jpg ');
INSERT INTO `cft_searchindex` (`elementId`, `attribute`, `fieldId`, `locale`, `keywords`) VALUES ('14', 'kind', '0', 'en_us', ' image ');
INSERT INTO `cft_searchindex` (`elementId`, `attribute`, `fieldId`, `locale`, `keywords`) VALUES ('14', 'slug', '0', 'en_us', ' bg youtube ');
INSERT INTO `cft_searchindex` (`elementId`, `attribute`, `fieldId`, `locale`, `keywords`) VALUES ('14', 'title', '0', 'en_us', ' bg youtube ');
INSERT INTO `cft_searchindex` (`elementId`, `attribute`, `fieldId`, `locale`, `keywords`) VALUES ('60', 'slug', '0', 'en_us', ' maximum fitness ');
INSERT INTO `cft_searchindex` (`elementId`, `attribute`, `fieldId`, `locale`, `keywords`) VALUES ('60', 'field', '8', 'en_us', ' browser maxfitness ');
INSERT INTO `cft_searchindex` (`elementId`, `attribute`, `fieldId`, `locale`, `keywords`) VALUES ('60', 'field', '4', 'en_us', ' created a responsive custom wordpress site for personal trainining company maximum fitness ');
INSERT INTO `cft_searchindex` (`elementId`, `attribute`, `fieldId`, `locale`, `keywords`) VALUES ('60', 'field', '7', 'en_us', ' bg maxfitness ');
INSERT INTO `cft_searchindex` (`elementId`, `attribute`, `fieldId`, `locale`, `keywords`) VALUES ('60', 'field', '3', 'en_us', ' maximum fitness ');
INSERT INTO `cft_searchindex` (`elementId`, `attribute`, `fieldId`, `locale`, `keywords`) VALUES ('59', 'slug', '0', 'en_us', ' 30 reasons why we love erics guts ');
INSERT INTO `cft_searchindex` (`elementId`, `attribute`, `fieldId`, `locale`, `keywords`) VALUES ('59', 'field', '6', 'en_us', ' craft cms php twig mysql html css javascript shell scripts web design ');
INSERT INTO `cft_searchindex` (`elementId`, `attribute`, `fieldId`, `locale`, `keywords`) VALUES ('59', 'field', '3', 'en_us', ' 30 reasons why we love eric s guts ');
INSERT INTO `cft_searchindex` (`elementId`, `attribute`, `fieldId`, `locale`, `keywords`) VALUES ('59', 'field', '7', 'en_us', ' bg 30reasons ');
INSERT INTO `cft_searchindex` (`elementId`, `attribute`, `fieldId`, `locale`, `keywords`) VALUES ('59', 'field', '4', 'en_us', ' for my husband s 30th birthday i made him a website full of reasons why his friends and family love his guts ');
INSERT INTO `cft_searchindex` (`elementId`, `attribute`, `fieldId`, `locale`, `keywords`) VALUES ('59', 'field', '8', 'en_us', ' browser 30reasons ');
INSERT INTO `cft_searchindex` (`elementId`, `attribute`, `fieldId`, `locale`, `keywords`) VALUES ('57', 'slug', '0', 'en_us', ' bg hof ');
INSERT INTO `cft_searchindex` (`elementId`, `attribute`, `fieldId`, `locale`, `keywords`) VALUES ('57', 'kind', '0', 'en_us', ' image ');
INSERT INTO `cft_searchindex` (`elementId`, `attribute`, `fieldId`, `locale`, `keywords`) VALUES ('57', 'extension', '0', 'en_us', ' jpg ');
INSERT INTO `cft_searchindex` (`elementId`, `attribute`, `fieldId`, `locale`, `keywords`) VALUES ('56', 'title', '0', 'en_us', ' bg 30reasons ');
INSERT INTO `cft_searchindex` (`elementId`, `attribute`, `fieldId`, `locale`, `keywords`) VALUES ('56', 'kind', '0', 'en_us', ' image ');
INSERT INTO `cft_searchindex` (`elementId`, `attribute`, `fieldId`, `locale`, `keywords`) VALUES ('56', 'slug', '0', 'en_us', ' bg 30reasons ');
INSERT INTO `cft_searchindex` (`elementId`, `attribute`, `fieldId`, `locale`, `keywords`) VALUES ('56', 'extension', '0', 'en_us', ' jpg ');
INSERT INTO `cft_searchindex` (`elementId`, `attribute`, `fieldId`, `locale`, `keywords`) VALUES ('56', 'filename', '0', 'en_us', ' bg 30reasons jpg ');
INSERT INTO `cft_searchindex` (`elementId`, `attribute`, `fieldId`, `locale`, `keywords`) VALUES ('4', 'field', '8', 'en_us', ' browser fullsail ');
INSERT INTO `cft_searchindex` (`elementId`, `attribute`, `fieldId`, `locale`, `keywords`) VALUES ('23', 'name', '0', 'en_us', ' php ');
INSERT INTO `cft_searchindex` (`elementId`, `attribute`, `fieldId`, `locale`, `keywords`) VALUES ('23', 'slug', '0', 'en_us', '');
INSERT INTO `cft_searchindex` (`elementId`, `attribute`, `fieldId`, `locale`, `keywords`) VALUES ('23', 'title', '0', 'en_us', ' php ');
INSERT INTO `cft_searchindex` (`elementId`, `attribute`, `fieldId`, `locale`, `keywords`) VALUES ('24', 'name', '0', 'en_us', ' mysql ');
INSERT INTO `cft_searchindex` (`elementId`, `attribute`, `fieldId`, `locale`, `keywords`) VALUES ('24', 'slug', '0', 'en_us', '');
INSERT INTO `cft_searchindex` (`elementId`, `attribute`, `fieldId`, `locale`, `keywords`) VALUES ('24', 'title', '0', 'en_us', ' mysql ');
INSERT INTO `cft_searchindex` (`elementId`, `attribute`, `fieldId`, `locale`, `keywords`) VALUES ('25', 'name', '0', 'en_us', ' wordpress ');
INSERT INTO `cft_searchindex` (`elementId`, `attribute`, `fieldId`, `locale`, `keywords`) VALUES ('25', 'slug', '0', 'en_us', '');
INSERT INTO `cft_searchindex` (`elementId`, `attribute`, `fieldId`, `locale`, `keywords`) VALUES ('25', 'title', '0', 'en_us', ' wordpress ');
INSERT INTO `cft_searchindex` (`elementId`, `attribute`, `fieldId`, `locale`, `keywords`) VALUES ('26', 'field', '3', 'en_us', ' full sail blog ');
INSERT INTO `cft_searchindex` (`elementId`, `attribute`, `fieldId`, `locale`, `keywords`) VALUES ('26', 'field', '7', 'en_us', ' bg fsblog ');
INSERT INTO `cft_searchindex` (`elementId`, `attribute`, `fieldId`, `locale`, `keywords`) VALUES ('26', 'field', '4', 'en_us', ' created a responsive custom wordpress site for full sail university s blog ');
INSERT INTO `cft_searchindex` (`elementId`, `attribute`, `fieldId`, `locale`, `keywords`) VALUES ('26', 'field', '8', 'en_us', ' browser fsblog ');
INSERT INTO `cft_searchindex` (`elementId`, `attribute`, `fieldId`, `locale`, `keywords`) VALUES ('26', 'field', '5', 'en_us', ' http www fullsailblog com ');
INSERT INTO `cft_searchindex` (`elementId`, `attribute`, `fieldId`, `locale`, `keywords`) VALUES ('26', 'field', '6', 'en_us', ' wordpress php mysql shell scripts html css ');
INSERT INTO `cft_searchindex` (`elementId`, `attribute`, `fieldId`, `locale`, `keywords`) VALUES ('26', 'slug', '0', 'en_us', ' full sail blog ');
INSERT INTO `cft_searchindex` (`elementId`, `attribute`, `fieldId`, `locale`, `keywords`) VALUES ('26', 'title', '0', 'en_us', ' full sail blog ');
INSERT INTO `cft_searchindex` (`elementId`, `attribute`, `fieldId`, `locale`, `keywords`) VALUES ('27', 'filename', '0', 'en_us', ' feature jpg ');
INSERT INTO `cft_searchindex` (`elementId`, `attribute`, `fieldId`, `locale`, `keywords`) VALUES ('27', 'extension', '0', 'en_us', ' jpg ');
INSERT INTO `cft_searchindex` (`elementId`, `attribute`, `fieldId`, `locale`, `keywords`) VALUES ('27', 'kind', '0', 'en_us', ' image ');
INSERT INTO `cft_searchindex` (`elementId`, `attribute`, `fieldId`, `locale`, `keywords`) VALUES ('27', 'slug', '0', 'en_us', ' feature ');
INSERT INTO `cft_searchindex` (`elementId`, `attribute`, `fieldId`, `locale`, `keywords`) VALUES ('27', 'title', '0', 'en_us', ' feature ');
INSERT INTO `cft_searchindex` (`elementId`, `attribute`, `fieldId`, `locale`, `keywords`) VALUES ('28', 'filename', '0', 'en_us', ' alexvanholtzresume pdf ');
INSERT INTO `cft_searchindex` (`elementId`, `attribute`, `fieldId`, `locale`, `keywords`) VALUES ('28', 'extension', '0', 'en_us', ' pdf ');
INSERT INTO `cft_searchindex` (`elementId`, `attribute`, `fieldId`, `locale`, `keywords`) VALUES ('28', 'kind', '0', 'en_us', ' pdf ');
INSERT INTO `cft_searchindex` (`elementId`, `attribute`, `fieldId`, `locale`, `keywords`) VALUES ('28', 'slug', '0', 'en_us', ' alexvanholtzresume ');
INSERT INTO `cft_searchindex` (`elementId`, `attribute`, `fieldId`, `locale`, `keywords`) VALUES ('28', 'title', '0', 'en_us', ' alexvanholtzresume ');
INSERT INTO `cft_searchindex` (`elementId`, `attribute`, `fieldId`, `locale`, `keywords`) VALUES ('2', 'field', '9', 'en_us', ' hi i m alex ');
INSERT INTO `cft_searchindex` (`elementId`, `attribute`, `fieldId`, `locale`, `keywords`) VALUES ('2', 'field', '17', 'en_us', ' full sail hall of fame 30 reasons why we love eric s guts full sail blog full sail university camp boggy creek maximum fitness full sail university s alumni credit suite full sail university s custom youtube channel ');
INSERT INTO `cft_searchindex` (`elementId`, `attribute`, `fieldId`, `locale`, `keywords`) VALUES ('29', 'field', '12', 'en_us', ' hi i m alex ');
INSERT INTO `cft_searchindex` (`elementId`, `attribute`, `fieldId`, `locale`, `keywords`) VALUES ('29', 'slug', '0', 'en_us', '');
INSERT INTO `cft_searchindex` (`elementId`, `attribute`, `fieldId`, `locale`, `keywords`) VALUES ('30', 'field', '13', 'en_us', ' i m a full stack web developer currently living in orlando florida i create web sites and applications for full sail university s award winning in house creative team platinum creative i instagram too many photos of my pets and make a banana bread that ll knock your socks off ');
INSERT INTO `cft_searchindex` (`elementId`, `attribute`, `fieldId`, `locale`, `keywords`) VALUES ('30', 'slug', '0', 'en_us', '');
INSERT INTO `cft_searchindex` (`elementId`, `attribute`, `fieldId`, `locale`, `keywords`) VALUES ('31', 'field', '14', 'en_us', ' resume ');
INSERT INTO `cft_searchindex` (`elementId`, `attribute`, `fieldId`, `locale`, `keywords`) VALUES ('31', 'field', '15', 'en_us', '');
INSERT INTO `cft_searchindex` (`elementId`, `attribute`, `fieldId`, `locale`, `keywords`) VALUES ('31', 'field', '16', 'en_us', ' alexvanholtzresume ');
INSERT INTO `cft_searchindex` (`elementId`, `attribute`, `fieldId`, `locale`, `keywords`) VALUES ('31', 'slug', '0', 'en_us', '');
INSERT INTO `cft_searchindex` (`elementId`, `attribute`, `fieldId`, `locale`, `keywords`) VALUES ('2', 'field', '10', 'en_us', ' feature ');
INSERT INTO `cft_searchindex` (`elementId`, `attribute`, `fieldId`, `locale`, `keywords`) VALUES ('32', 'name', '0', 'en_us', ' html css jquery coldfusion fusebox alfresco xml social apis mod_rewrite deployments ');
INSERT INTO `cft_searchindex` (`elementId`, `attribute`, `fieldId`, `locale`, `keywords`) VALUES ('32', 'slug', '0', 'en_us', '');
INSERT INTO `cft_searchindex` (`elementId`, `attribute`, `fieldId`, `locale`, `keywords`) VALUES ('32', 'title', '0', 'en_us', ' html css jquery coldfusion fusebox alfresco xml social apis mod_rewrite deployments ');
INSERT INTO `cft_searchindex` (`elementId`, `attribute`, `fieldId`, `locale`, `keywords`) VALUES ('33', 'name', '0', 'en_us', ' html ');
INSERT INTO `cft_searchindex` (`elementId`, `attribute`, `fieldId`, `locale`, `keywords`) VALUES ('33', 'slug', '0', 'en_us', '');
INSERT INTO `cft_searchindex` (`elementId`, `attribute`, `fieldId`, `locale`, `keywords`) VALUES ('33', 'title', '0', 'en_us', ' html ');
INSERT INTO `cft_searchindex` (`elementId`, `attribute`, `fieldId`, `locale`, `keywords`) VALUES ('34', 'name', '0', 'en_us', ' css ');
INSERT INTO `cft_searchindex` (`elementId`, `attribute`, `fieldId`, `locale`, `keywords`) VALUES ('34', 'slug', '0', 'en_us', '');
INSERT INTO `cft_searchindex` (`elementId`, `attribute`, `fieldId`, `locale`, `keywords`) VALUES ('34', 'title', '0', 'en_us', ' css ');
INSERT INTO `cft_searchindex` (`elementId`, `attribute`, `fieldId`, `locale`, `keywords`) VALUES ('35', 'name', '0', 'en_us', ' jquery ');
INSERT INTO `cft_searchindex` (`elementId`, `attribute`, `fieldId`, `locale`, `keywords`) VALUES ('35', 'slug', '0', 'en_us', '');
INSERT INTO `cft_searchindex` (`elementId`, `attribute`, `fieldId`, `locale`, `keywords`) VALUES ('35', 'title', '0', 'en_us', ' jquery ');
INSERT INTO `cft_searchindex` (`elementId`, `attribute`, `fieldId`, `locale`, `keywords`) VALUES ('36', 'field', '3', 'en_us', ' camp boggy creek ');
INSERT INTO `cft_searchindex` (`elementId`, `attribute`, `fieldId`, `locale`, `keywords`) VALUES ('36', 'field', '7', 'en_us', ' bg boggycreek ');
INSERT INTO `cft_searchindex` (`elementId`, `attribute`, `fieldId`, `locale`, `keywords`) VALUES ('36', 'field', '4', 'en_us', ' created the 2014 orlando silver addy award winning responsive custom wordpress site for camp boggy creek an organization that provides free camp programs for children with serious illnesses ');
INSERT INTO `cft_searchindex` (`elementId`, `attribute`, `fieldId`, `locale`, `keywords`) VALUES ('36', 'field', '8', 'en_us', ' browser boggycreek ');
INSERT INTO `cft_searchindex` (`elementId`, `attribute`, `fieldId`, `locale`, `keywords`) VALUES ('36', 'field', '5', 'en_us', ' http www boggycreek org ');
INSERT INTO `cft_searchindex` (`elementId`, `attribute`, `fieldId`, `locale`, `keywords`) VALUES ('36', 'field', '6', 'en_us', ' wordpress php mysql html css javascript ');
INSERT INTO `cft_searchindex` (`elementId`, `attribute`, `fieldId`, `locale`, `keywords`) VALUES ('36', 'slug', '0', 'en_us', ' camp boggy creek ');
INSERT INTO `cft_searchindex` (`elementId`, `attribute`, `fieldId`, `locale`, `keywords`) VALUES ('36', 'title', '0', 'en_us', ' camp boggy creek ');
INSERT INTO `cft_searchindex` (`elementId`, `attribute`, `fieldId`, `locale`, `keywords`) VALUES ('59', 'title', '0', 'en_us', ' 30 reasons why we love eric s guts ');
INSERT INTO `cft_searchindex` (`elementId`, `attribute`, `fieldId`, `locale`, `keywords`) VALUES ('59', 'field', '5', 'en_us', ' http www 30reasonswhyweloveericsguts com ');
INSERT INTO `cft_searchindex` (`elementId`, `attribute`, `fieldId`, `locale`, `keywords`) VALUES ('57', 'title', '0', 'en_us', ' bg hof ');
INSERT INTO `cft_searchindex` (`elementId`, `attribute`, `fieldId`, `locale`, `keywords`) VALUES ('57', 'filename', '0', 'en_us', ' bg hof jpg ');
INSERT INTO `cft_searchindex` (`elementId`, `attribute`, `fieldId`, `locale`, `keywords`) VALUES ('44', 'field', '7', 'en_us', ' bg hof ');
INSERT INTO `cft_searchindex` (`elementId`, `attribute`, `fieldId`, `locale`, `keywords`) VALUES ('44', 'field', '3', 'en_us', ' full sail hall of fame ');
INSERT INTO `cft_searchindex` (`elementId`, `attribute`, `fieldId`, `locale`, `keywords`) VALUES ('43', 'title', '0', 'en_us', ' craft cms ');
INSERT INTO `cft_searchindex` (`elementId`, `attribute`, `fieldId`, `locale`, `keywords`) VALUES ('43', 'slug', '0', 'en_us', '');
INSERT INTO `cft_searchindex` (`elementId`, `attribute`, `fieldId`, `locale`, `keywords`) VALUES ('43', 'name', '0', 'en_us', ' craft cms ');
INSERT INTO `cft_searchindex` (`elementId`, `attribute`, `fieldId`, `locale`, `keywords`) VALUES ('44', 'field', '4', 'en_us', ' created a responsive site for full sail university s hall of fame the first at full sail to launch using craft cms ');
INSERT INTO `cft_searchindex` (`elementId`, `attribute`, `fieldId`, `locale`, `keywords`) VALUES ('44', 'field', '8', 'en_us', ' browser hof ');
INSERT INTO `cft_searchindex` (`elementId`, `attribute`, `fieldId`, `locale`, `keywords`) VALUES ('44', 'field', '5', 'en_us', ' http halloffame fullsail edu ');
INSERT INTO `cft_searchindex` (`elementId`, `attribute`, `fieldId`, `locale`, `keywords`) VALUES ('44', 'field', '6', 'en_us', ' craft cms php twig mysql html css javascript shell scripts web design ');
INSERT INTO `cft_searchindex` (`elementId`, `attribute`, `fieldId`, `locale`, `keywords`) VALUES ('44', 'slug', '0', 'en_us', ' full sail hall of fame ');
INSERT INTO `cft_searchindex` (`elementId`, `attribute`, `fieldId`, `locale`, `keywords`) VALUES ('44', 'title', '0', 'en_us', ' full sail hall of fame ');
INSERT INTO `cft_searchindex` (`elementId`, `attribute`, `fieldId`, `locale`, `keywords`) VALUES ('45', 'filename', '0', 'en_us', ' browser 30reasons png ');
INSERT INTO `cft_searchindex` (`elementId`, `attribute`, `fieldId`, `locale`, `keywords`) VALUES ('45', 'extension', '0', 'en_us', ' png ');
INSERT INTO `cft_searchindex` (`elementId`, `attribute`, `fieldId`, `locale`, `keywords`) VALUES ('45', 'kind', '0', 'en_us', ' image ');
INSERT INTO `cft_searchindex` (`elementId`, `attribute`, `fieldId`, `locale`, `keywords`) VALUES ('45', 'slug', '0', 'en_us', ' browser 30reasons ');
INSERT INTO `cft_searchindex` (`elementId`, `attribute`, `fieldId`, `locale`, `keywords`) VALUES ('45', 'title', '0', 'en_us', ' browser 30reasons ');
INSERT INTO `cft_searchindex` (`elementId`, `attribute`, `fieldId`, `locale`, `keywords`) VALUES ('46', 'filename', '0', 'en_us', ' browser acs png ');
INSERT INTO `cft_searchindex` (`elementId`, `attribute`, `fieldId`, `locale`, `keywords`) VALUES ('46', 'extension', '0', 'en_us', ' png ');
INSERT INTO `cft_searchindex` (`elementId`, `attribute`, `fieldId`, `locale`, `keywords`) VALUES ('46', 'kind', '0', 'en_us', ' image ');
INSERT INTO `cft_searchindex` (`elementId`, `attribute`, `fieldId`, `locale`, `keywords`) VALUES ('46', 'slug', '0', 'en_us', ' browser acs ');
INSERT INTO `cft_searchindex` (`elementId`, `attribute`, `fieldId`, `locale`, `keywords`) VALUES ('46', 'title', '0', 'en_us', ' browser acs ');
INSERT INTO `cft_searchindex` (`elementId`, `attribute`, `fieldId`, `locale`, `keywords`) VALUES ('47', 'filename', '0', 'en_us', ' browser boggycreek png ');
INSERT INTO `cft_searchindex` (`elementId`, `attribute`, `fieldId`, `locale`, `keywords`) VALUES ('47', 'extension', '0', 'en_us', ' png ');
INSERT INTO `cft_searchindex` (`elementId`, `attribute`, `fieldId`, `locale`, `keywords`) VALUES ('47', 'kind', '0', 'en_us', ' image ');
INSERT INTO `cft_searchindex` (`elementId`, `attribute`, `fieldId`, `locale`, `keywords`) VALUES ('47', 'slug', '0', 'en_us', ' browser boggycreek ');
INSERT INTO `cft_searchindex` (`elementId`, `attribute`, `fieldId`, `locale`, `keywords`) VALUES ('47', 'title', '0', 'en_us', ' browser boggycreek ');
INSERT INTO `cft_searchindex` (`elementId`, `attribute`, `fieldId`, `locale`, `keywords`) VALUES ('48', 'filename', '0', 'en_us', ' browser fsblog png ');
INSERT INTO `cft_searchindex` (`elementId`, `attribute`, `fieldId`, `locale`, `keywords`) VALUES ('48', 'extension', '0', 'en_us', ' png ');
INSERT INTO `cft_searchindex` (`elementId`, `attribute`, `fieldId`, `locale`, `keywords`) VALUES ('48', 'kind', '0', 'en_us', ' image ');
INSERT INTO `cft_searchindex` (`elementId`, `attribute`, `fieldId`, `locale`, `keywords`) VALUES ('48', 'slug', '0', 'en_us', ' browser fsblog ');
INSERT INTO `cft_searchindex` (`elementId`, `attribute`, `fieldId`, `locale`, `keywords`) VALUES ('48', 'title', '0', 'en_us', ' browser fsblog ');
INSERT INTO `cft_searchindex` (`elementId`, `attribute`, `fieldId`, `locale`, `keywords`) VALUES ('49', 'filename', '0', 'en_us', ' browser fullsail png ');
INSERT INTO `cft_searchindex` (`elementId`, `attribute`, `fieldId`, `locale`, `keywords`) VALUES ('49', 'extension', '0', 'en_us', ' png ');
INSERT INTO `cft_searchindex` (`elementId`, `attribute`, `fieldId`, `locale`, `keywords`) VALUES ('49', 'kind', '0', 'en_us', ' image ');
INSERT INTO `cft_searchindex` (`elementId`, `attribute`, `fieldId`, `locale`, `keywords`) VALUES ('49', 'slug', '0', 'en_us', ' browser fullsail ');
INSERT INTO `cft_searchindex` (`elementId`, `attribute`, `fieldId`, `locale`, `keywords`) VALUES ('49', 'title', '0', 'en_us', ' browser fullsail ');
INSERT INTO `cft_searchindex` (`elementId`, `attribute`, `fieldId`, `locale`, `keywords`) VALUES ('50', 'filename', '0', 'en_us', ' browser gamedesign png ');
INSERT INTO `cft_searchindex` (`elementId`, `attribute`, `fieldId`, `locale`, `keywords`) VALUES ('50', 'extension', '0', 'en_us', ' png ');
INSERT INTO `cft_searchindex` (`elementId`, `attribute`, `fieldId`, `locale`, `keywords`) VALUES ('50', 'kind', '0', 'en_us', ' image ');
INSERT INTO `cft_searchindex` (`elementId`, `attribute`, `fieldId`, `locale`, `keywords`) VALUES ('50', 'slug', '0', 'en_us', ' browser gamedesign ');
INSERT INTO `cft_searchindex` (`elementId`, `attribute`, `fieldId`, `locale`, `keywords`) VALUES ('50', 'title', '0', 'en_us', ' browser gamedesign ');
INSERT INTO `cft_searchindex` (`elementId`, `attribute`, `fieldId`, `locale`, `keywords`) VALUES ('51', 'filename', '0', 'en_us', ' browser hof png ');
INSERT INTO `cft_searchindex` (`elementId`, `attribute`, `fieldId`, `locale`, `keywords`) VALUES ('51', 'extension', '0', 'en_us', ' png ');
INSERT INTO `cft_searchindex` (`elementId`, `attribute`, `fieldId`, `locale`, `keywords`) VALUES ('51', 'kind', '0', 'en_us', ' image ');
INSERT INTO `cft_searchindex` (`elementId`, `attribute`, `fieldId`, `locale`, `keywords`) VALUES ('51', 'slug', '0', 'en_us', ' browser hof ');
INSERT INTO `cft_searchindex` (`elementId`, `attribute`, `fieldId`, `locale`, `keywords`) VALUES ('51', 'title', '0', 'en_us', ' browser hof ');
INSERT INTO `cft_searchindex` (`elementId`, `attribute`, `fieldId`, `locale`, `keywords`) VALUES ('52', 'filename', '0', 'en_us', ' browser maxfitness png ');
INSERT INTO `cft_searchindex` (`elementId`, `attribute`, `fieldId`, `locale`, `keywords`) VALUES ('52', 'extension', '0', 'en_us', ' png ');
INSERT INTO `cft_searchindex` (`elementId`, `attribute`, `fieldId`, `locale`, `keywords`) VALUES ('52', 'kind', '0', 'en_us', ' image ');
INSERT INTO `cft_searchindex` (`elementId`, `attribute`, `fieldId`, `locale`, `keywords`) VALUES ('52', 'slug', '0', 'en_us', ' browser maxfitness ');
INSERT INTO `cft_searchindex` (`elementId`, `attribute`, `fieldId`, `locale`, `keywords`) VALUES ('52', 'title', '0', 'en_us', ' browser maxfitness ');
INSERT INTO `cft_searchindex` (`elementId`, `attribute`, `fieldId`, `locale`, `keywords`) VALUES ('53', 'filename', '0', 'en_us', ' browser mobileart png ');
INSERT INTO `cft_searchindex` (`elementId`, `attribute`, `fieldId`, `locale`, `keywords`) VALUES ('53', 'extension', '0', 'en_us', ' png ');
INSERT INTO `cft_searchindex` (`elementId`, `attribute`, `fieldId`, `locale`, `keywords`) VALUES ('53', 'kind', '0', 'en_us', ' image ');
INSERT INTO `cft_searchindex` (`elementId`, `attribute`, `fieldId`, `locale`, `keywords`) VALUES ('53', 'slug', '0', 'en_us', ' browser mobileart ');
INSERT INTO `cft_searchindex` (`elementId`, `attribute`, `fieldId`, `locale`, `keywords`) VALUES ('53', 'title', '0', 'en_us', ' browser mobileart ');
INSERT INTO `cft_searchindex` (`elementId`, `attribute`, `fieldId`, `locale`, `keywords`) VALUES ('54', 'filename', '0', 'en_us', ' browser youtube png ');
INSERT INTO `cft_searchindex` (`elementId`, `attribute`, `fieldId`, `locale`, `keywords`) VALUES ('54', 'extension', '0', 'en_us', ' png ');
INSERT INTO `cft_searchindex` (`elementId`, `attribute`, `fieldId`, `locale`, `keywords`) VALUES ('54', 'kind', '0', 'en_us', ' image ');
INSERT INTO `cft_searchindex` (`elementId`, `attribute`, `fieldId`, `locale`, `keywords`) VALUES ('54', 'slug', '0', 'en_us', ' browser youtube ');
INSERT INTO `cft_searchindex` (`elementId`, `attribute`, `fieldId`, `locale`, `keywords`) VALUES ('54', 'title', '0', 'en_us', ' browser youtube ');
INSERT INTO `cft_searchindex` (`elementId`, `attribute`, `fieldId`, `locale`, `keywords`) VALUES ('60', 'title', '0', 'en_us', ' maximum fitness ');
INSERT INTO `cft_searchindex` (`elementId`, `attribute`, `fieldId`, `locale`, `keywords`) VALUES ('61', 'name', '0', 'en_us', ' coldfusion ');
INSERT INTO `cft_searchindex` (`elementId`, `attribute`, `fieldId`, `locale`, `keywords`) VALUES ('61', 'slug', '0', 'en_us', '');
INSERT INTO `cft_searchindex` (`elementId`, `attribute`, `fieldId`, `locale`, `keywords`) VALUES ('61', 'title', '0', 'en_us', ' coldfusion ');
INSERT INTO `cft_searchindex` (`elementId`, `attribute`, `fieldId`, `locale`, `keywords`) VALUES ('62', 'field', '3', 'en_us', ' full sail university s alumni credit suite ');
INSERT INTO `cft_searchindex` (`elementId`, `attribute`, `fieldId`, `locale`, `keywords`) VALUES ('62', 'field', '7', 'en_us', ' bg acs ');
INSERT INTO `cft_searchindex` (`elementId`, `attribute`, `fieldId`, `locale`, `keywords`) VALUES ('62', 'field', '4', 'en_us', ' created an internal web application for full sail university to keep track of grads and their jobs credits awards and media using coldfusion and framework one an mvc framework ');
INSERT INTO `cft_searchindex` (`elementId`, `attribute`, `fieldId`, `locale`, `keywords`) VALUES ('62', 'field', '8', 'en_us', ' browser acs ');
INSERT INTO `cft_searchindex` (`elementId`, `attribute`, `fieldId`, `locale`, `keywords`) VALUES ('62', 'field', '5', 'en_us', '');
INSERT INTO `cft_searchindex` (`elementId`, `attribute`, `fieldId`, `locale`, `keywords`) VALUES ('62', 'field', '6', 'en_us', ' coldfusion framework one html css javascript ajax mssql mvc orm ');
INSERT INTO `cft_searchindex` (`elementId`, `attribute`, `fieldId`, `locale`, `keywords`) VALUES ('62', 'slug', '0', 'en_us', ' full sail universitys alumni credit suite ');
INSERT INTO `cft_searchindex` (`elementId`, `attribute`, `fieldId`, `locale`, `keywords`) VALUES ('62', 'title', '0', 'en_us', ' full sail university s alumni credit suite ');
INSERT INTO `cft_searchindex` (`elementId`, `attribute`, `fieldId`, `locale`, `keywords`) VALUES ('63', 'field', '3', 'en_us', ' full sail university s custom youtube channel ');
INSERT INTO `cft_searchindex` (`elementId`, `attribute`, `fieldId`, `locale`, `keywords`) VALUES ('63', 'field', '7', 'en_us', ' bg youtube ');
INSERT INTO `cft_searchindex` (`elementId`, `attribute`, `fieldId`, `locale`, `keywords`) VALUES ('63', 'field', '4', 'en_us', ' created the 2012 w3 gold award winning custom youtube channel for full sail university and internal web application to create playlists of videos for each section no longer available ');
INSERT INTO `cft_searchindex` (`elementId`, `attribute`, `fieldId`, `locale`, `keywords`) VALUES ('63', 'field', '8', 'en_us', ' browser youtube ');
INSERT INTO `cft_searchindex` (`elementId`, `attribute`, `fieldId`, `locale`, `keywords`) VALUES ('63', 'field', '5', 'en_us', '');
INSERT INTO `cft_searchindex` (`elementId`, `attribute`, `fieldId`, `locale`, `keywords`) VALUES ('63', 'field', '6', 'en_us', ' coldfusion fusebox html css javascript ajax mysql youtube api mvc orm ');
INSERT INTO `cft_searchindex` (`elementId`, `attribute`, `fieldId`, `locale`, `keywords`) VALUES ('63', 'slug', '0', 'en_us', ' full sail universitys custom youtube channel ');
INSERT INTO `cft_searchindex` (`elementId`, `attribute`, `fieldId`, `locale`, `keywords`) VALUES ('63', 'title', '0', 'en_us', ' full sail university s custom youtube channel ');
INSERT INTO `cft_searchindex` (`elementId`, `attribute`, `fieldId`, `locale`, `keywords`) VALUES ('64', 'name', '0', 'en_us', ' twig ');
INSERT INTO `cft_searchindex` (`elementId`, `attribute`, `fieldId`, `locale`, `keywords`) VALUES ('64', 'slug', '0', 'en_us', '');
INSERT INTO `cft_searchindex` (`elementId`, `attribute`, `fieldId`, `locale`, `keywords`) VALUES ('64', 'title', '0', 'en_us', ' twig ');
INSERT INTO `cft_searchindex` (`elementId`, `attribute`, `fieldId`, `locale`, `keywords`) VALUES ('65', 'name', '0', 'en_us', ' javascript ');
INSERT INTO `cft_searchindex` (`elementId`, `attribute`, `fieldId`, `locale`, `keywords`) VALUES ('65', 'slug', '0', 'en_us', '');
INSERT INTO `cft_searchindex` (`elementId`, `attribute`, `fieldId`, `locale`, `keywords`) VALUES ('65', 'title', '0', 'en_us', ' javascript ');
INSERT INTO `cft_searchindex` (`elementId`, `attribute`, `fieldId`, `locale`, `keywords`) VALUES ('66', 'name', '0', 'en_us', ' shell scripts ');
INSERT INTO `cft_searchindex` (`elementId`, `attribute`, `fieldId`, `locale`, `keywords`) VALUES ('66', 'slug', '0', 'en_us', '');
INSERT INTO `cft_searchindex` (`elementId`, `attribute`, `fieldId`, `locale`, `keywords`) VALUES ('66', 'title', '0', 'en_us', ' shell scripts ');
INSERT INTO `cft_searchindex` (`elementId`, `attribute`, `fieldId`, `locale`, `keywords`) VALUES ('67', 'name', '0', 'en_us', ' web design ');
INSERT INTO `cft_searchindex` (`elementId`, `attribute`, `fieldId`, `locale`, `keywords`) VALUES ('67', 'slug', '0', 'en_us', '');
INSERT INTO `cft_searchindex` (`elementId`, `attribute`, `fieldId`, `locale`, `keywords`) VALUES ('67', 'title', '0', 'en_us', ' web design ');
INSERT INTO `cft_searchindex` (`elementId`, `attribute`, `fieldId`, `locale`, `keywords`) VALUES ('68', 'name', '0', 'en_us', ' fusebox ');
INSERT INTO `cft_searchindex` (`elementId`, `attribute`, `fieldId`, `locale`, `keywords`) VALUES ('68', 'slug', '0', 'en_us', '');
INSERT INTO `cft_searchindex` (`elementId`, `attribute`, `fieldId`, `locale`, `keywords`) VALUES ('68', 'title', '0', 'en_us', ' fusebox ');
INSERT INTO `cft_searchindex` (`elementId`, `attribute`, `fieldId`, `locale`, `keywords`) VALUES ('69', 'name', '0', 'en_us', ' alfresco ');
INSERT INTO `cft_searchindex` (`elementId`, `attribute`, `fieldId`, `locale`, `keywords`) VALUES ('69', 'slug', '0', 'en_us', '');
INSERT INTO `cft_searchindex` (`elementId`, `attribute`, `fieldId`, `locale`, `keywords`) VALUES ('69', 'title', '0', 'en_us', ' alfresco ');
INSERT INTO `cft_searchindex` (`elementId`, `attribute`, `fieldId`, `locale`, `keywords`) VALUES ('70', 'name', '0', 'en_us', ' xml ');
INSERT INTO `cft_searchindex` (`elementId`, `attribute`, `fieldId`, `locale`, `keywords`) VALUES ('70', 'slug', '0', 'en_us', '');
INSERT INTO `cft_searchindex` (`elementId`, `attribute`, `fieldId`, `locale`, `keywords`) VALUES ('70', 'title', '0', 'en_us', ' xml ');
INSERT INTO `cft_searchindex` (`elementId`, `attribute`, `fieldId`, `locale`, `keywords`) VALUES ('71', 'name', '0', 'en_us', ' social apis ');
INSERT INTO `cft_searchindex` (`elementId`, `attribute`, `fieldId`, `locale`, `keywords`) VALUES ('71', 'slug', '0', 'en_us', '');
INSERT INTO `cft_searchindex` (`elementId`, `attribute`, `fieldId`, `locale`, `keywords`) VALUES ('71', 'title', '0', 'en_us', ' social apis ');
INSERT INTO `cft_searchindex` (`elementId`, `attribute`, `fieldId`, `locale`, `keywords`) VALUES ('72', 'name', '0', 'en_us', ' mod_rewrite ');
INSERT INTO `cft_searchindex` (`elementId`, `attribute`, `fieldId`, `locale`, `keywords`) VALUES ('72', 'slug', '0', 'en_us', '');
INSERT INTO `cft_searchindex` (`elementId`, `attribute`, `fieldId`, `locale`, `keywords`) VALUES ('72', 'title', '0', 'en_us', ' mod_rewrite ');
INSERT INTO `cft_searchindex` (`elementId`, `attribute`, `fieldId`, `locale`, `keywords`) VALUES ('73', 'name', '0', 'en_us', ' load balanced deployments ');
INSERT INTO `cft_searchindex` (`elementId`, `attribute`, `fieldId`, `locale`, `keywords`) VALUES ('73', 'slug', '0', 'en_us', '');
INSERT INTO `cft_searchindex` (`elementId`, `attribute`, `fieldId`, `locale`, `keywords`) VALUES ('73', 'title', '0', 'en_us', ' load balanced deployments ');
INSERT INTO `cft_searchindex` (`elementId`, `attribute`, `fieldId`, `locale`, `keywords`) VALUES ('74', 'name', '0', 'en_us', ' framework one ');
INSERT INTO `cft_searchindex` (`elementId`, `attribute`, `fieldId`, `locale`, `keywords`) VALUES ('74', 'slug', '0', 'en_us', '');
INSERT INTO `cft_searchindex` (`elementId`, `attribute`, `fieldId`, `locale`, `keywords`) VALUES ('74', 'title', '0', 'en_us', ' framework one ');
INSERT INTO `cft_searchindex` (`elementId`, `attribute`, `fieldId`, `locale`, `keywords`) VALUES ('75', 'name', '0', 'en_us', ' mvc ');
INSERT INTO `cft_searchindex` (`elementId`, `attribute`, `fieldId`, `locale`, `keywords`) VALUES ('75', 'slug', '0', 'en_us', '');
INSERT INTO `cft_searchindex` (`elementId`, `attribute`, `fieldId`, `locale`, `keywords`) VALUES ('75', 'title', '0', 'en_us', ' mvc ');
INSERT INTO `cft_searchindex` (`elementId`, `attribute`, `fieldId`, `locale`, `keywords`) VALUES ('76', 'name', '0', 'en_us', ' orm ');
INSERT INTO `cft_searchindex` (`elementId`, `attribute`, `fieldId`, `locale`, `keywords`) VALUES ('76', 'slug', '0', 'en_us', '');
INSERT INTO `cft_searchindex` (`elementId`, `attribute`, `fieldId`, `locale`, `keywords`) VALUES ('76', 'title', '0', 'en_us', ' orm ');
INSERT INTO `cft_searchindex` (`elementId`, `attribute`, `fieldId`, `locale`, `keywords`) VALUES ('77', 'name', '0', 'en_us', ' ajax ');
INSERT INTO `cft_searchindex` (`elementId`, `attribute`, `fieldId`, `locale`, `keywords`) VALUES ('77', 'slug', '0', 'en_us', '');
INSERT INTO `cft_searchindex` (`elementId`, `attribute`, `fieldId`, `locale`, `keywords`) VALUES ('77', 'title', '0', 'en_us', ' ajax ');
INSERT INTO `cft_searchindex` (`elementId`, `attribute`, `fieldId`, `locale`, `keywords`) VALUES ('78', 'name', '0', 'en_us', ' mssql ');
INSERT INTO `cft_searchindex` (`elementId`, `attribute`, `fieldId`, `locale`, `keywords`) VALUES ('78', 'slug', '0', 'en_us', '');
INSERT INTO `cft_searchindex` (`elementId`, `attribute`, `fieldId`, `locale`, `keywords`) VALUES ('78', 'title', '0', 'en_us', ' mssql ');
INSERT INTO `cft_searchindex` (`elementId`, `attribute`, `fieldId`, `locale`, `keywords`) VALUES ('79', 'name', '0', 'en_us', ' youtube api ');
INSERT INTO `cft_searchindex` (`elementId`, `attribute`, `fieldId`, `locale`, `keywords`) VALUES ('79', 'slug', '0', 'en_us', '');
INSERT INTO `cft_searchindex` (`elementId`, `attribute`, `fieldId`, `locale`, `keywords`) VALUES ('79', 'title', '0', 'en_us', ' youtube api ');



DROP TABLE IF EXISTS `cft_sections`;


--
-- Schema for table `cft_sections`
--
CREATE TABLE `cft_sections` (
  `id` int(11) NOT NULL AUTO_INCREMENT,
  `structureId` int(11) DEFAULT NULL,
  `name` varchar(255) COLLATE utf8_unicode_ci NOT NULL,
  `handle` varchar(255) COLLATE utf8_unicode_ci NOT NULL,
  `type` enum('single','channel','structure') COLLATE utf8_unicode_ci NOT NULL DEFAULT 'channel',
  `hasUrls` tinyint(1) unsigned NOT NULL DEFAULT '1',
  `template` varchar(500) COLLATE utf8_unicode_ci DEFAULT NULL,
  `enableVersioning` tinyint(1) unsigned NOT NULL DEFAULT '0',
  `dateCreated` datetime NOT NULL,
  `dateUpdated` datetime NOT NULL,
  `uid` char(36) COLLATE utf8_unicode_ci NOT NULL DEFAULT '0',
  PRIMARY KEY (`id`),
  UNIQUE KEY `cft_sections_name_unq_idx` (`name`),
  UNIQUE KEY `cft_sections_handle_unq_idx` (`handle`),
  KEY `cft_sections_structureId_fk` (`structureId`)
) ENGINE=InnoDB AUTO_INCREMENT=4 DEFAULT CHARSET=utf8 COLLATE=utf8_unicode_ci;

--
-- Data for table `cft_sections`
--

INSERT INTO `cft_sections` (`id`, `structureId`, `name`, `handle`, `type`, `hasUrls`, `template`, `enableVersioning`, `dateCreated`, `dateUpdated`, `uid`) VALUES ('1', NULL, 'Homepage', 'homepage', 'single', '1', 'index', '1', '2015-03-28 16:39:37', '2015-03-28 16:39:37', 'aa5411c7-cd17-4d3b-89fb-69b8b5f24ba3');
INSERT INTO `cft_sections` (`id`, `structureId`, `name`, `handle`, `type`, `hasUrls`, `template`, `enableVersioning`, `dateCreated`, `dateUpdated`, `uid`) VALUES ('3', NULL, 'Projects', 'projects', 'channel', '0', NULL, '1', '2015-03-28 16:57:52', '2015-03-28 16:57:52', 'e46b9a90-636b-4b00-abcb-ddcb8d78f6b1');



DROP TABLE IF EXISTS `cft_sections_i18n`;


--
-- Schema for table `cft_sections_i18n`
--
CREATE TABLE `cft_sections_i18n` (
  `id` int(11) NOT NULL AUTO_INCREMENT,
  `sectionId` int(11) NOT NULL,
  `locale` char(12) COLLATE utf8_unicode_ci NOT NULL,
  `enabledByDefault` tinyint(1) unsigned NOT NULL DEFAULT '1',
  `urlFormat` varchar(255) COLLATE utf8_unicode_ci DEFAULT NULL,
  `nestedUrlFormat` varchar(255) COLLATE utf8_unicode_ci DEFAULT NULL,
  `dateCreated` datetime NOT NULL,
  `dateUpdated` datetime NOT NULL,
  `uid` char(36) COLLATE utf8_unicode_ci NOT NULL DEFAULT '0',
  PRIMARY KEY (`id`),
  UNIQUE KEY `cft_sections_i18n_sectionId_locale_unq_idx` (`sectionId`,`locale`),
  KEY `cft_sections_i18n_locale_fk` (`locale`)
) ENGINE=InnoDB AUTO_INCREMENT=4 DEFAULT CHARSET=utf8 COLLATE=utf8_unicode_ci;

--
-- Data for table `cft_sections_i18n`
--

INSERT INTO `cft_sections_i18n` (`id`, `sectionId`, `locale`, `enabledByDefault`, `urlFormat`, `nestedUrlFormat`, `dateCreated`, `dateUpdated`, `uid`) VALUES ('1', '1', 'en_us', '1', '__home__', NULL, '2015-03-28 16:39:37', '2015-03-28 16:39:37', 'e316fbc1-3e01-4eba-b922-3cc5e40af8c3');
INSERT INTO `cft_sections_i18n` (`id`, `sectionId`, `locale`, `enabledByDefault`, `urlFormat`, `nestedUrlFormat`, `dateCreated`, `dateUpdated`, `uid`) VALUES ('3', '3', 'en_us', '0', NULL, NULL, '2015-03-28 16:57:52', '2015-03-28 16:57:52', '1d8b881b-97a5-4d7c-bc11-0741905b0ade');



DROP TABLE IF EXISTS `cft_sessions`;


--
-- Schema for table `cft_sessions`
--
CREATE TABLE `cft_sessions` (
  `id` int(11) NOT NULL AUTO_INCREMENT,
  `userId` int(11) NOT NULL,
  `token` char(100) COLLATE utf8_unicode_ci NOT NULL,
  `dateCreated` datetime NOT NULL,
  `dateUpdated` datetime NOT NULL,
  `uid` char(36) COLLATE utf8_unicode_ci NOT NULL DEFAULT '0',
  PRIMARY KEY (`id`),
  KEY `cft_sessions_uid_idx` (`uid`),
  KEY `cft_sessions_token_idx` (`token`),
  KEY `cft_sessions_dateUpdated_idx` (`dateUpdated`),
  KEY `cft_sessions_userId_fk` (`userId`)
) ENGINE=InnoDB AUTO_INCREMENT=7 DEFAULT CHARSET=utf8 COLLATE=utf8_unicode_ci;

DROP TABLE IF EXISTS `cft_shunnedmessages`;


--
-- Schema for table `cft_shunnedmessages`
--
CREATE TABLE `cft_shunnedmessages` (
  `id` int(11) NOT NULL AUTO_INCREMENT,
  `userId` int(11) NOT NULL,
  `message` varchar(255) COLLATE utf8_unicode_ci NOT NULL,
  `expiryDate` datetime DEFAULT NULL,
  `dateCreated` datetime NOT NULL,
  `dateUpdated` datetime NOT NULL,
  `uid` char(36) COLLATE utf8_unicode_ci NOT NULL DEFAULT '0',
  PRIMARY KEY (`id`),
  UNIQUE KEY `cft_shunnedmessages_userId_message_unq_idx` (`userId`,`message`)
) ENGINE=InnoDB DEFAULT CHARSET=utf8 COLLATE=utf8_unicode_ci;

DROP TABLE IF EXISTS `cft_structureelements`;


--
-- Schema for table `cft_structureelements`
--
CREATE TABLE `cft_structureelements` (
  `id` int(11) NOT NULL AUTO_INCREMENT,
  `structureId` int(11) NOT NULL,
  `elementId` int(11) DEFAULT NULL,
  `root` int(11) unsigned DEFAULT NULL,
  `lft` int(11) unsigned NOT NULL,
  `rgt` int(11) unsigned NOT NULL,
  `level` smallint(6) unsigned NOT NULL,
  `dateCreated` datetime NOT NULL,
  `dateUpdated` datetime NOT NULL,
  `uid` char(36) COLLATE utf8_unicode_ci NOT NULL DEFAULT '0',
  PRIMARY KEY (`id`),
  UNIQUE KEY `cft_structureelements_structureId_elementId_unq_idx` (`structureId`,`elementId`),
  KEY `cft_structureelements_root_idx` (`root`),
  KEY `cft_structureelements_lft_idx` (`lft`),
  KEY `cft_structureelements_rgt_idx` (`rgt`),
  KEY `cft_structureelements_level_idx` (`level`),
  KEY `cft_structureelements_elementId_fk` (`elementId`)
) ENGINE=InnoDB DEFAULT CHARSET=utf8 COLLATE=utf8_unicode_ci;

DROP TABLE IF EXISTS `cft_structures`;


--
-- Schema for table `cft_structures`
--
CREATE TABLE `cft_structures` (
  `id` int(11) NOT NULL AUTO_INCREMENT,
  `maxLevels` smallint(6) unsigned DEFAULT NULL,
  `dateCreated` datetime NOT NULL,
  `dateUpdated` datetime NOT NULL,
  `uid` char(36) COLLATE utf8_unicode_ci NOT NULL DEFAULT '0',
  PRIMARY KEY (`id`)
) ENGINE=InnoDB DEFAULT CHARSET=utf8 COLLATE=utf8_unicode_ci;

DROP TABLE IF EXISTS `cft_systemsettings`;


--
-- Schema for table `cft_systemsettings`
--
CREATE TABLE `cft_systemsettings` (
  `id` int(11) NOT NULL AUTO_INCREMENT,
  `category` varchar(15) COLLATE utf8_unicode_ci NOT NULL,
  `settings` text COLLATE utf8_unicode_ci,
  `dateCreated` datetime NOT NULL,
  `dateUpdated` datetime NOT NULL,
  `uid` char(36) COLLATE utf8_unicode_ci NOT NULL DEFAULT '0',
  PRIMARY KEY (`id`),
  UNIQUE KEY `cft_systemsettings_category_unq_idx` (`category`)
) ENGINE=InnoDB AUTO_INCREMENT=2 DEFAULT CHARSET=utf8 COLLATE=utf8_unicode_ci;

--
-- Data for table `cft_systemsettings`
--

INSERT INTO `cft_systemsettings` (`id`, `category`, `settings`, `dateCreated`, `dateUpdated`, `uid`) VALUES ('1', 'email', '{\"protocol\":\"php\",\"emailAddress\":\"alexvanholtz@gmail.com\",\"senderName\":\"Alex Van Holtz\"}', '2015-03-28 16:39:37', '2015-03-28 16:39:37', '140e3070-83e7-4ac0-b8c3-ba4999462496');



DROP TABLE IF EXISTS `cft_taggroups`;


--
-- Schema for table `cft_taggroups`
--
CREATE TABLE `cft_taggroups` (
  `id` int(11) NOT NULL AUTO_INCREMENT,
  `name` varchar(255) COLLATE utf8_unicode_ci NOT NULL,
  `handle` varchar(255) COLLATE utf8_unicode_ci NOT NULL,
  `fieldLayoutId` int(10) DEFAULT NULL,
  `dateCreated` datetime NOT NULL,
  `dateUpdated` datetime NOT NULL,
  `uid` char(36) COLLATE utf8_unicode_ci NOT NULL DEFAULT '0',
  PRIMARY KEY (`id`),
  UNIQUE KEY `cft_taggroups_name_unq_idx` (`name`),
  UNIQUE KEY `cft_taggroups_handle_unq_idx` (`handle`),
  KEY `cft_taggroups_fieldLayoutId_fk` (`fieldLayoutId`)
) ENGINE=InnoDB AUTO_INCREMENT=2 DEFAULT CHARSET=utf8 COLLATE=utf8_unicode_ci;

--
-- Data for table `cft_taggroups`
--

INSERT INTO `cft_taggroups` (`id`, `name`, `handle`, `fieldLayoutId`, `dateCreated`, `dateUpdated`, `uid`) VALUES ('1', 'Default', 'default', '1', '2015-03-28 16:39:37', '2015-03-28 16:39:37', '4e5c48c7-b84f-402a-a46f-eac64d9f27ef');



DROP TABLE IF EXISTS `cft_tags`;


--
-- Schema for table `cft_tags`
--
CREATE TABLE `cft_tags` (
  `id` int(11) NOT NULL,
  `groupId` int(11) NOT NULL,
  `dateCreated` datetime NOT NULL,
  `dateUpdated` datetime NOT NULL,
  `uid` char(36) COLLATE utf8_unicode_ci NOT NULL DEFAULT '0',
  PRIMARY KEY (`id`),
  KEY `cft_tags_groupId_fk` (`groupId`)
) ENGINE=InnoDB DEFAULT CHARSET=utf8 COLLATE=utf8_unicode_ci;

--
-- Data for table `cft_tags`
--

INSERT INTO `cft_tags` (`id`, `groupId`, `dateCreated`, `dateUpdated`, `uid`) VALUES ('23', '1', '2015-03-28 18:01:21', '2015-03-28 18:01:21', 'fce72ca2-ad7f-406b-ad58-bd69653181fa');
INSERT INTO `cft_tags` (`id`, `groupId`, `dateCreated`, `dateUpdated`, `uid`) VALUES ('24', '1', '2015-03-28 18:01:27', '2015-03-28 18:01:27', 'f777bde6-0a0d-4d27-8ef9-a4e8f38475fe');
INSERT INTO `cft_tags` (`id`, `groupId`, `dateCreated`, `dateUpdated`, `uid`) VALUES ('25', '1', '2015-03-28 18:01:37', '2015-03-28 18:01:37', '2719e64f-ca82-427a-a6f2-1f8b066676fd');
INSERT INTO `cft_tags` (`id`, `groupId`, `dateCreated`, `dateUpdated`, `uid`) VALUES ('32', '1', '2015-03-28 19:00:19', '2015-03-28 19:00:19', '1ed1900b-d55b-4a57-9301-db81da7b7e28');
INSERT INTO `cft_tags` (`id`, `groupId`, `dateCreated`, `dateUpdated`, `uid`) VALUES ('33', '1', '2015-03-28 19:00:32', '2015-03-28 19:00:32', '784365c3-6255-4ced-a4cd-4715a047d439');
INSERT INTO `cft_tags` (`id`, `groupId`, `dateCreated`, `dateUpdated`, `uid`) VALUES ('34', '1', '2015-03-28 19:00:36', '2015-03-28 19:00:36', '78c1a711-716f-4a82-891e-adbb27e9868b');
INSERT INTO `cft_tags` (`id`, `groupId`, `dateCreated`, `dateUpdated`, `uid`) VALUES ('35', '1', '2015-03-28 19:00:41', '2015-03-28 19:00:41', 'ec6aabdb-b47e-4e9a-96ef-baf9c1a08c85');
INSERT INTO `cft_tags` (`id`, `groupId`, `dateCreated`, `dateUpdated`, `uid`) VALUES ('43', '1', '2015-06-09 01:14:02', '2015-06-09 01:14:02', '383f897c-18cf-4a3d-bf40-b67f2a826d7a');
INSERT INTO `cft_tags` (`id`, `groupId`, `dateCreated`, `dateUpdated`, `uid`) VALUES ('61', '1', '2015-06-09 01:23:34', '2015-06-09 01:23:34', '51a3caa2-d21d-4b4e-be62-8ea524dbe9c2');
INSERT INTO `cft_tags` (`id`, `groupId`, `dateCreated`, `dateUpdated`, `uid`) VALUES ('64', '1', '2015-06-09 01:44:35', '2015-06-09 01:44:35', 'd9a71baa-bb86-42c9-9130-6ff95dd6991a');
INSERT INTO `cft_tags` (`id`, `groupId`, `dateCreated`, `dateUpdated`, `uid`) VALUES ('65', '1', '2015-06-09 01:44:58', '2015-06-09 01:44:58', 'ea820279-287c-48ea-9a59-a800b7c44ea8');
INSERT INTO `cft_tags` (`id`, `groupId`, `dateCreated`, `dateUpdated`, `uid`) VALUES ('66', '1', '2015-06-09 01:45:02', '2015-06-09 01:45:02', 'fee85eb0-1640-440d-b73b-d6be9b3848c8');
INSERT INTO `cft_tags` (`id`, `groupId`, `dateCreated`, `dateUpdated`, `uid`) VALUES ('67', '1', '2015-06-09 01:45:08', '2015-06-09 01:45:08', '35e12fd6-675c-4eec-9dd0-5050bc86ac66');
INSERT INTO `cft_tags` (`id`, `groupId`, `dateCreated`, `dateUpdated`, `uid`) VALUES ('68', '1', '2015-06-09 01:47:08', '2015-06-09 01:47:08', 'd5a7849c-6d01-49d0-acc5-0a63d8ddf993');
INSERT INTO `cft_tags` (`id`, `groupId`, `dateCreated`, `dateUpdated`, `uid`) VALUES ('69', '1', '2015-06-09 01:47:10', '2015-06-09 01:47:10', '983c01e4-f342-4880-9226-09fa3c0adc3e');
INSERT INTO `cft_tags` (`id`, `groupId`, `dateCreated`, `dateUpdated`, `uid`) VALUES ('70', '1', '2015-06-09 01:47:12', '2015-06-09 01:47:12', 'c226a823-cdef-4469-9e2e-ad11b3c3ba26');
INSERT INTO `cft_tags` (`id`, `groupId`, `dateCreated`, `dateUpdated`, `uid`) VALUES ('71', '1', '2015-06-09 01:47:18', '2015-06-09 01:47:18', '4e1f2a3a-e0bb-48db-aec0-2f36531394fa');
INSERT INTO `cft_tags` (`id`, `groupId`, `dateCreated`, `dateUpdated`, `uid`) VALUES ('72', '1', '2015-06-09 01:47:24', '2015-06-09 01:47:24', 'c9f92c93-7a21-4e2f-bc37-36148de6a19a');
INSERT INTO `cft_tags` (`id`, `groupId`, `dateCreated`, `dateUpdated`, `uid`) VALUES ('73', '1', '2015-06-09 01:47:43', '2015-06-09 01:47:43', '5d9d60d2-9d0a-4930-ac3a-a53a0adc204f');
INSERT INTO `cft_tags` (`id`, `groupId`, `dateCreated`, `dateUpdated`, `uid`) VALUES ('74', '1', '2015-06-09 01:49:48', '2015-06-09 01:49:48', '88504827-03bc-4ff7-af04-961612cb21b3');
INSERT INTO `cft_tags` (`id`, `groupId`, `dateCreated`, `dateUpdated`, `uid`) VALUES ('75', '1', '2015-06-09 01:50:09', '2015-06-09 01:50:09', 'ec1380d9-54fb-4cea-8bd0-592ccdc62c46');
INSERT INTO `cft_tags` (`id`, `groupId`, `dateCreated`, `dateUpdated`, `uid`) VALUES ('76', '1', '2015-06-09 01:50:16', '2015-06-09 01:50:16', '4d6bfc78-2bdb-4157-8f2b-a8fee7784671');
INSERT INTO `cft_tags` (`id`, `groupId`, `dateCreated`, `dateUpdated`, `uid`) VALUES ('77', '1', '2015-06-09 01:50:41', '2015-06-09 01:50:41', '79ce1993-ef38-49d1-883b-35e4d0165d10');
INSERT INTO `cft_tags` (`id`, `groupId`, `dateCreated`, `dateUpdated`, `uid`) VALUES ('78', '1', '2015-06-09 01:50:54', '2015-06-09 01:50:54', 'c745c737-63ce-44f1-a700-7d58f0077696');
INSERT INTO `cft_tags` (`id`, `groupId`, `dateCreated`, `dateUpdated`, `uid`) VALUES ('79', '1', '2015-06-09 01:52:48', '2015-06-09 01:52:48', '874906cb-a6da-4e6a-a2db-74c689eae083');



DROP TABLE IF EXISTS `cft_tasks`;


--
-- Schema for table `cft_tasks`
--
CREATE TABLE `cft_tasks` (
  `id` int(11) NOT NULL AUTO_INCREMENT,
  `root` int(11) unsigned DEFAULT NULL,
  `lft` int(11) unsigned NOT NULL,
  `rgt` int(11) unsigned NOT NULL,
  `level` smallint(6) unsigned NOT NULL,
  `currentStep` int(11) unsigned DEFAULT NULL,
  `totalSteps` int(11) unsigned DEFAULT NULL,
  `status` enum('pending','error','running') COLLATE utf8_unicode_ci DEFAULT NULL,
  `type` varchar(150) COLLATE utf8_unicode_ci NOT NULL,
  `description` varchar(255) COLLATE utf8_unicode_ci DEFAULT NULL,
  `settings` text COLLATE utf8_unicode_ci,
  `dateCreated` datetime NOT NULL,
  `dateUpdated` datetime NOT NULL,
  `uid` char(36) COLLATE utf8_unicode_ci NOT NULL DEFAULT '0',
  PRIMARY KEY (`id`),
  KEY `cft_tasks_root_idx` (`root`),
  KEY `cft_tasks_lft_idx` (`lft`),
  KEY `cft_tasks_rgt_idx` (`rgt`),
  KEY `cft_tasks_level_idx` (`level`)
) ENGINE=InnoDB AUTO_INCREMENT=21 DEFAULT CHARSET=utf8 COLLATE=utf8_unicode_ci;

DROP TABLE IF EXISTS `cft_templatecachecriteria`;


--
-- Schema for table `cft_templatecachecriteria`
--
CREATE TABLE `cft_templatecachecriteria` (
  `id` int(11) NOT NULL AUTO_INCREMENT,
  `cacheId` int(11) NOT NULL,
  `type` varchar(150) COLLATE utf8_unicode_ci NOT NULL,
  `criteria` text COLLATE utf8_unicode_ci NOT NULL,
  PRIMARY KEY (`id`),
  KEY `cft_templatecachecriteria_cacheId_fk` (`cacheId`),
  KEY `cft_templatecachecriteria_type_idx` (`type`)
) ENGINE=InnoDB DEFAULT CHARSET=utf8 COLLATE=utf8_unicode_ci;

DROP TABLE IF EXISTS `cft_templatecacheelements`;


--
-- Schema for table `cft_templatecacheelements`
--
CREATE TABLE `cft_templatecacheelements` (
  `cacheId` int(11) NOT NULL,
  `elementId` int(11) NOT NULL,
  KEY `cft_templatecacheelements_cacheId_fk` (`cacheId`),
  KEY `cft_templatecacheelements_elementId_fk` (`elementId`)
) ENGINE=InnoDB DEFAULT CHARSET=utf8 COLLATE=utf8_unicode_ci;

DROP TABLE IF EXISTS `cft_templatecaches`;


--
-- Schema for table `cft_templatecaches`
--
CREATE TABLE `cft_templatecaches` (
  `id` int(11) NOT NULL AUTO_INCREMENT,
  `cacheKey` varchar(255) COLLATE utf8_unicode_ci NOT NULL,
  `locale` char(12) COLLATE utf8_unicode_ci NOT NULL,
  `path` varchar(255) COLLATE utf8_unicode_ci DEFAULT NULL,
  `expiryDate` datetime NOT NULL,
  `body` mediumtext COLLATE utf8_unicode_ci NOT NULL,
  PRIMARY KEY (`id`),
  KEY `cft_templatecaches_expiryDate_cacheKey_locale_path_idx` (`expiryDate`,`cacheKey`,`locale`,`path`),
  KEY `cft_templatecaches_locale_fk` (`locale`)
) ENGINE=InnoDB DEFAULT CHARSET=utf8 COLLATE=utf8_unicode_ci;

DROP TABLE IF EXISTS `cft_tokens`;


--
-- Schema for table `cft_tokens`
--
CREATE TABLE `cft_tokens` (
  `id` int(11) NOT NULL AUTO_INCREMENT,
  `token` char(32) COLLATE utf8_unicode_ci NOT NULL,
  `route` text COLLATE utf8_unicode_ci,
  `usageLimit` tinyint(3) unsigned DEFAULT NULL,
  `usageCount` tinyint(3) unsigned DEFAULT NULL,
  `expiryDate` datetime NOT NULL,
  `dateCreated` datetime NOT NULL,
  `dateUpdated` datetime NOT NULL,
  `uid` char(36) COLLATE utf8_unicode_ci NOT NULL DEFAULT '0',
  PRIMARY KEY (`id`),
  UNIQUE KEY `cft_tokens_token_unq_idx` (`token`),
  KEY `cft_tokens_expiryDate_idx` (`expiryDate`)
) ENGINE=InnoDB DEFAULT CHARSET=utf8 COLLATE=utf8_unicode_ci;

DROP TABLE IF EXISTS `cft_usergroups`;


--
-- Schema for table `cft_usergroups`
--
CREATE TABLE `cft_usergroups` (
  `id` int(11) NOT NULL AUTO_INCREMENT,
  `name` varchar(255) COLLATE utf8_unicode_ci NOT NULL,
  `handle` varchar(255) COLLATE utf8_unicode_ci NOT NULL,
  `dateCreated` datetime NOT NULL,
  `dateUpdated` datetime NOT NULL,
  `uid` char(36) COLLATE utf8_unicode_ci NOT NULL DEFAULT '0',
  PRIMARY KEY (`id`)
) ENGINE=InnoDB DEFAULT CHARSET=utf8 COLLATE=utf8_unicode_ci;

DROP TABLE IF EXISTS `cft_usergroups_users`;


--
-- Schema for table `cft_usergroups_users`
--
CREATE TABLE `cft_usergroups_users` (
  `id` int(11) NOT NULL AUTO_INCREMENT,
  `groupId` int(11) NOT NULL,
  `userId` int(11) NOT NULL,
  `dateCreated` datetime NOT NULL,
  `dateUpdated` datetime NOT NULL,
  `uid` char(36) COLLATE utf8_unicode_ci NOT NULL DEFAULT '0',
  PRIMARY KEY (`id`),
  UNIQUE KEY `cft_usergroups_users_groupId_userId_unq_idx` (`groupId`,`userId`),
  KEY `cft_usergroups_users_userId_fk` (`userId`)
) ENGINE=InnoDB DEFAULT CHARSET=utf8 COLLATE=utf8_unicode_ci;

DROP TABLE IF EXISTS `cft_userpermissions`;


--
-- Schema for table `cft_userpermissions`
--
CREATE TABLE `cft_userpermissions` (
  `id` int(11) NOT NULL AUTO_INCREMENT,
  `name` varchar(255) COLLATE utf8_unicode_ci NOT NULL,
  `dateCreated` datetime NOT NULL,
  `dateUpdated` datetime NOT NULL,
  `uid` char(36) COLLATE utf8_unicode_ci NOT NULL DEFAULT '0',
  PRIMARY KEY (`id`),
  UNIQUE KEY `cft_userpermissions_name_unq_idx` (`name`)
) ENGINE=InnoDB DEFAULT CHARSET=utf8 COLLATE=utf8_unicode_ci;

DROP TABLE IF EXISTS `cft_userpermissions_usergroups`;


--
-- Schema for table `cft_userpermissions_usergroups`
--
CREATE TABLE `cft_userpermissions_usergroups` (
  `id` int(11) NOT NULL AUTO_INCREMENT,
  `permissionId` int(11) NOT NULL,
  `groupId` int(11) NOT NULL,
  `dateCreated` datetime NOT NULL,
  `dateUpdated` datetime NOT NULL,
  `uid` char(36) COLLATE utf8_unicode_ci NOT NULL DEFAULT '0',
  PRIMARY KEY (`id`),
  UNIQUE KEY `cft_userpermissions_usergroups_permissionId_groupId_unq_idx` (`permissionId`,`groupId`),
  KEY `cft_userpermissions_usergroups_groupId_fk` (`groupId`)
) ENGINE=InnoDB DEFAULT CHARSET=utf8 COLLATE=utf8_unicode_ci;

DROP TABLE IF EXISTS `cft_userpermissions_users`;


--
-- Schema for table `cft_userpermissions_users`
--
CREATE TABLE `cft_userpermissions_users` (
  `id` int(11) NOT NULL AUTO_INCREMENT,
  `permissionId` int(11) NOT NULL,
  `userId` int(11) NOT NULL,
  `dateCreated` datetime NOT NULL,
  `dateUpdated` datetime NOT NULL,
  `uid` char(36) COLLATE utf8_unicode_ci NOT NULL DEFAULT '0',
  PRIMARY KEY (`id`),
  UNIQUE KEY `cft_userpermissions_users_permissionId_userId_unq_idx` (`permissionId`,`userId`),
  KEY `cft_userpermissions_users_userId_fk` (`userId`)
) ENGINE=InnoDB DEFAULT CHARSET=utf8 COLLATE=utf8_unicode_ci;

DROP TABLE IF EXISTS `cft_users`;


--
-- Schema for table `cft_users`
--
CREATE TABLE `cft_users` (
  `id` int(11) NOT NULL,
  `username` varchar(100) COLLATE utf8_unicode_ci NOT NULL,
  `photo` varchar(100) COLLATE utf8_unicode_ci DEFAULT NULL,
  `firstName` varchar(100) COLLATE utf8_unicode_ci DEFAULT NULL,
  `lastName` varchar(100) COLLATE utf8_unicode_ci DEFAULT NULL,
  `email` varchar(255) COLLATE utf8_unicode_ci NOT NULL,
  `password` char(255) COLLATE utf8_unicode_ci DEFAULT NULL,
  `preferredLocale` char(12) COLLATE utf8_unicode_ci DEFAULT NULL,
  `weekStartDay` tinyint(1) unsigned NOT NULL DEFAULT '0',
  `admin` tinyint(1) unsigned NOT NULL DEFAULT '0',
  `client` tinyint(1) unsigned NOT NULL DEFAULT '0',
  `locked` tinyint(1) unsigned NOT NULL DEFAULT '0',
  `suspended` tinyint(1) unsigned NOT NULL DEFAULT '0',
  `pending` tinyint(1) unsigned NOT NULL DEFAULT '0',
  `archived` tinyint(1) unsigned NOT NULL DEFAULT '0',
  `lastLoginDate` datetime DEFAULT NULL,
  `lastLoginAttemptIPAddress` varchar(45) COLLATE utf8_unicode_ci DEFAULT NULL,
  `invalidLoginWindowStart` datetime DEFAULT NULL,
  `invalidLoginCount` tinyint(4) unsigned DEFAULT NULL,
  `lastInvalidLoginDate` datetime DEFAULT NULL,
  `lockoutDate` datetime DEFAULT NULL,
  `verificationCode` char(100) COLLATE utf8_unicode_ci DEFAULT NULL,
  `verificationCodeIssuedDate` datetime DEFAULT NULL,
  `unverifiedEmail` varchar(255) COLLATE utf8_unicode_ci DEFAULT NULL,
  `passwordResetRequired` tinyint(1) unsigned NOT NULL DEFAULT '0',
  `lastPasswordChangeDate` datetime DEFAULT NULL,
  `dateCreated` datetime NOT NULL,
  `dateUpdated` datetime NOT NULL,
  `uid` char(36) COLLATE utf8_unicode_ci NOT NULL DEFAULT '0',
  PRIMARY KEY (`id`),
  UNIQUE KEY `cft_users_username_unq_idx` (`username`),
  UNIQUE KEY `cft_users_email_unq_idx` (`email`),
  KEY `cft_users_verificationCode_idx` (`verificationCode`),
  KEY `cft_users_uid_idx` (`uid`),
  KEY `cft_users_preferredLocale_fk` (`preferredLocale`)
) ENGINE=InnoDB DEFAULT CHARSET=utf8 COLLATE=utf8_unicode_ci;

--
-- Data for table `cft_users`
--

INSERT INTO `cft_users` (`id`, `username`, `photo`, `firstName`, `lastName`, `email`, `password`, `preferredLocale`, `weekStartDay`, `admin`, `client`, `locked`, `suspended`, `pending`, `archived`, `lastLoginDate`, `lastLoginAttemptIPAddress`, `invalidLoginWindowStart`, `invalidLoginCount`, `lastInvalidLoginDate`, `lockoutDate`, `verificationCode`, `verificationCodeIssuedDate`, `unverifiedEmail`, `passwordResetRequired`, `lastPasswordChangeDate`, `dateCreated`, `dateUpdated`, `uid`) VALUES ('1', 'alex', NULL, '', '', 'alexvanholtz@gmail.com', '$2y$13$LLwtj1KgStHzNjlU2X5rV.Bn16M/JO1iJAOk446SBiTIKQHOjySeC', NULL, '0', '1', '0', '0', '0', '0', '0', '2015-06-09 03:03:29', '142.197.113.28', NULL, NULL, NULL, NULL, NULL, NULL, NULL, '0', '2015-06-09 03:04:03', '2015-03-28 16:39:35', '2015-06-09 03:04:03', 'b3d1f1ab-ce13-40e4-88b9-2401220515a9');



DROP TABLE IF EXISTS `cft_widgets`;


--
-- Schema for table `cft_widgets`
--
CREATE TABLE `cft_widgets` (
  `id` int(11) NOT NULL AUTO_INCREMENT,
  `userId` int(11) NOT NULL,
  `type` varchar(150) COLLATE utf8_unicode_ci NOT NULL,
  `sortOrder` tinyint(4) DEFAULT NULL,
  `settings` text COLLATE utf8_unicode_ci,
  `enabled` tinyint(1) unsigned NOT NULL DEFAULT '1',
  `dateCreated` datetime NOT NULL,
  `dateUpdated` datetime NOT NULL,
  `uid` char(36) COLLATE utf8_unicode_ci NOT NULL DEFAULT '0',
  PRIMARY KEY (`id`),
  KEY `cft_widgets_userId_fk` (`userId`)
) ENGINE=InnoDB AUTO_INCREMENT=5 DEFAULT CHARSET=utf8 COLLATE=utf8_unicode_ci;

--
-- Data for table `cft_widgets`
--

INSERT INTO `cft_widgets` (`id`, `userId`, `type`, `sortOrder`, `settings`, `enabled`, `dateCreated`, `dateUpdated`, `uid`) VALUES ('1', '1', 'RecentEntries', '1', NULL, '1', '2015-03-28 16:56:31', '2015-03-28 16:56:31', 'e2afe2f3-3da6-4c97-96b5-4ec98b668809');
INSERT INTO `cft_widgets` (`id`, `userId`, `type`, `sortOrder`, `settings`, `enabled`, `dateCreated`, `dateUpdated`, `uid`) VALUES ('2', '1', 'GetHelp', '2', NULL, '1', '2015-03-28 16:56:31', '2015-03-28 16:56:31', '19c5fe04-4793-45b5-abfe-f87562058d77');
INSERT INTO `cft_widgets` (`id`, `userId`, `type`, `sortOrder`, `settings`, `enabled`, `dateCreated`, `dateUpdated`, `uid`) VALUES ('3', '1', 'Updates', '3', NULL, '1', '2015-03-28 16:56:31', '2015-03-28 16:56:31', 'f0f73d40-81ee-4d3f-b910-ebf1980112ea');
INSERT INTO `cft_widgets` (`id`, `userId`, `type`, `sortOrder`, `settings`, `enabled`, `dateCreated`, `dateUpdated`, `uid`) VALUES ('4', '1', 'Feed', '4', '{\"url\":\"http:\\/\\/feeds.feedburner.com\\/blogandtonic\",\"title\":\"Blog & Tonic\"}', '1', '2015-03-28 16:56:31', '2015-03-28 16:56:31', 'c6f7dc3b-4461-46a4-8685-a8eca258af67');


--
-- Constraints for tables
--


--
-- Constraints for table `cft_assetfiles`
--
ALTER TABLE `cft_assetfiles`
	ADD CONSTRAINT `cft_assetfiles_folderId_fk` FOREIGN KEY (`folderId`) REFERENCES `cft_assetfolders` (`id`) ON DELETE CASCADE,
	ADD CONSTRAINT `cft_assetfiles_id_fk` FOREIGN KEY (`id`) REFERENCES `cft_elements` (`id`) ON DELETE CASCADE,
	ADD CONSTRAINT `cft_assetfiles_sourceId_fk` FOREIGN KEY (`sourceId`) REFERENCES `cft_assetsources` (`id`) ON DELETE CASCADE;

--
-- Constraints for table `cft_assetfolders`
--
ALTER TABLE `cft_assetfolders`
	ADD CONSTRAINT `cft_assetfolders_parentId_fk` FOREIGN KEY (`parentId`) REFERENCES `cft_assetfolders` (`id`) ON DELETE CASCADE,
	ADD CONSTRAINT `cft_assetfolders_sourceId_fk` FOREIGN KEY (`sourceId`) REFERENCES `cft_assetsources` (`id`) ON DELETE CASCADE;

--
-- Constraints for table `cft_assetindexdata`
--
ALTER TABLE `cft_assetindexdata`
	ADD CONSTRAINT `cft_assetindexdata_sourceId_fk` FOREIGN KEY (`sourceId`) REFERENCES `cft_assetsources` (`id`) ON DELETE CASCADE;

--
-- Constraints for table `cft_assetsources`
--
ALTER TABLE `cft_assetsources`
	ADD CONSTRAINT `cft_assetsources_fieldLayoutId_fk` FOREIGN KEY (`fieldLayoutId`) REFERENCES `cft_fieldlayouts` (`id`) ON DELETE SET NULL;

--
-- Constraints for table `cft_categories`
--
ALTER TABLE `cft_categories`
	ADD CONSTRAINT `cft_categories_groupId_fk` FOREIGN KEY (`groupId`) REFERENCES `cft_categorygroups` (`id`) ON DELETE CASCADE,
	ADD CONSTRAINT `cft_categories_id_fk` FOREIGN KEY (`id`) REFERENCES `cft_elements` (`id`) ON DELETE CASCADE;

--
-- Constraints for table `cft_categorygroups`
--
ALTER TABLE `cft_categorygroups`
	ADD CONSTRAINT `cft_categorygroups_fieldLayoutId_fk` FOREIGN KEY (`fieldLayoutId`) REFERENCES `cft_fieldlayouts` (`id`) ON DELETE SET NULL,
	ADD CONSTRAINT `cft_categorygroups_structureId_fk` FOREIGN KEY (`structureId`) REFERENCES `cft_structures` (`id`) ON DELETE CASCADE;

--
-- Constraints for table `cft_categorygroups_i18n`
--
ALTER TABLE `cft_categorygroups_i18n`
	ADD CONSTRAINT `cft_categorygroups_i18n_groupId_fk` FOREIGN KEY (`groupId`) REFERENCES `cft_categorygroups` (`id`) ON DELETE CASCADE,
	ADD CONSTRAINT `cft_categorygroups_i18n_locale_fk` FOREIGN KEY (`locale`) REFERENCES `cft_locales` (`locale`) ON DELETE CASCADE ON UPDATE CASCADE;

--
-- Constraints for table `cft_content`
--
ALTER TABLE `cft_content`
	ADD CONSTRAINT `cft_content_elementId_fk` FOREIGN KEY (`elementId`) REFERENCES `cft_elements` (`id`) ON DELETE CASCADE,
	ADD CONSTRAINT `cft_content_locale_fk` FOREIGN KEY (`locale`) REFERENCES `cft_locales` (`locale`) ON DELETE CASCADE ON UPDATE CASCADE;

--
-- Constraints for table `cft_elements_i18n`
--
ALTER TABLE `cft_elements_i18n`
	ADD CONSTRAINT `cft_elements_i18n_elementId_fk` FOREIGN KEY (`elementId`) REFERENCES `cft_elements` (`id`) ON DELETE CASCADE,
	ADD CONSTRAINT `cft_elements_i18n_locale_fk` FOREIGN KEY (`locale`) REFERENCES `cft_locales` (`locale`) ON DELETE CASCADE ON UPDATE CASCADE;

--
-- Constraints for table `cft_emailmessages`
--
ALTER TABLE `cft_emailmessages`
	ADD CONSTRAINT `cft_emailmessages_locale_fk` FOREIGN KEY (`locale`) REFERENCES `cft_locales` (`locale`) ON DELETE CASCADE ON UPDATE CASCADE;

--
-- Constraints for table `cft_entries`
--
ALTER TABLE `cft_entries`
	ADD CONSTRAINT `cft_entries_authorId_fk` FOREIGN KEY (`authorId`) REFERENCES `cft_users` (`id`) ON DELETE CASCADE,
	ADD CONSTRAINT `cft_entries_id_fk` FOREIGN KEY (`id`) REFERENCES `cft_elements` (`id`) ON DELETE CASCADE,
	ADD CONSTRAINT `cft_entries_sectionId_fk` FOREIGN KEY (`sectionId`) REFERENCES `cft_sections` (`id`) ON DELETE CASCADE,
	ADD CONSTRAINT `cft_entries_typeId_fk` FOREIGN KEY (`typeId`) REFERENCES `cft_entrytypes` (`id`) ON DELETE CASCADE;

--
-- Constraints for table `cft_entrydrafts`
--
ALTER TABLE `cft_entrydrafts`
	ADD CONSTRAINT `cft_entrydrafts_creatorId_fk` FOREIGN KEY (`creatorId`) REFERENCES `cft_users` (`id`) ON DELETE CASCADE,
	ADD CONSTRAINT `cft_entrydrafts_entryId_fk` FOREIGN KEY (`entryId`) REFERENCES `cft_entries` (`id`) ON DELETE CASCADE,
	ADD CONSTRAINT `cft_entrydrafts_locale_fk` FOREIGN KEY (`locale`) REFERENCES `cft_locales` (`locale`) ON DELETE CASCADE ON UPDATE CASCADE,
	ADD CONSTRAINT `cft_entrydrafts_sectionId_fk` FOREIGN KEY (`sectionId`) REFERENCES `cft_sections` (`id`) ON DELETE CASCADE;

--
-- Constraints for table `cft_entrytypes`
--
ALTER TABLE `cft_entrytypes`
	ADD CONSTRAINT `cft_entrytypes_fieldLayoutId_fk` FOREIGN KEY (`fieldLayoutId`) REFERENCES `cft_fieldlayouts` (`id`) ON DELETE SET NULL,
	ADD CONSTRAINT `cft_entrytypes_sectionId_fk` FOREIGN KEY (`sectionId`) REFERENCES `cft_sections` (`id`) ON DELETE CASCADE;

--
-- Constraints for table `cft_entryversions`
--
ALTER TABLE `cft_entryversions`
	ADD CONSTRAINT `cft_entryversions_creatorId_fk` FOREIGN KEY (`creatorId`) REFERENCES `cft_users` (`id`) ON DELETE SET NULL,
	ADD CONSTRAINT `cft_entryversions_entryId_fk` FOREIGN KEY (`entryId`) REFERENCES `cft_entries` (`id`) ON DELETE CASCADE,
	ADD CONSTRAINT `cft_entryversions_locale_fk` FOREIGN KEY (`locale`) REFERENCES `cft_locales` (`locale`) ON DELETE CASCADE ON UPDATE CASCADE,
	ADD CONSTRAINT `cft_entryversions_sectionId_fk` FOREIGN KEY (`sectionId`) REFERENCES `cft_sections` (`id`) ON DELETE CASCADE;

--
-- Constraints for table `cft_fieldlayoutfields`
--
ALTER TABLE `cft_fieldlayoutfields`
	ADD CONSTRAINT `cft_fieldlayoutfields_fieldId_fk` FOREIGN KEY (`fieldId`) REFERENCES `cft_fields` (`id`) ON DELETE CASCADE,
	ADD CONSTRAINT `cft_fieldlayoutfields_layoutId_fk` FOREIGN KEY (`layoutId`) REFERENCES `cft_fieldlayouts` (`id`) ON DELETE CASCADE,
	ADD CONSTRAINT `cft_fieldlayoutfields_tabId_fk` FOREIGN KEY (`tabId`) REFERENCES `cft_fieldlayouttabs` (`id`) ON DELETE CASCADE;

--
-- Constraints for table `cft_fieldlayouttabs`
--
ALTER TABLE `cft_fieldlayouttabs`
	ADD CONSTRAINT `cft_fieldlayouttabs_layoutId_fk` FOREIGN KEY (`layoutId`) REFERENCES `cft_fieldlayouts` (`id`) ON DELETE CASCADE;

--
-- Constraints for table `cft_fields`
--
ALTER TABLE `cft_fields`
	ADD CONSTRAINT `cft_fields_groupId_fk` FOREIGN KEY (`groupId`) REFERENCES `cft_fieldgroups` (`id`) ON DELETE CASCADE;

--
-- Constraints for table `cft_globalsets`
--
ALTER TABLE `cft_globalsets`
	ADD CONSTRAINT `cft_globalsets_fieldLayoutId_fk` FOREIGN KEY (`fieldLayoutId`) REFERENCES `cft_fieldlayouts` (`id`) ON DELETE SET NULL,
	ADD CONSTRAINT `cft_globalsets_id_fk` FOREIGN KEY (`id`) REFERENCES `cft_elements` (`id`) ON DELETE CASCADE;

--
-- Constraints for table `cft_matrixblocks`
--
ALTER TABLE `cft_matrixblocks`
	ADD CONSTRAINT `cft_matrixblocks_fieldId_fk` FOREIGN KEY (`fieldId`) REFERENCES `cft_fields` (`id`) ON DELETE CASCADE,
	ADD CONSTRAINT `cft_matrixblocks_id_fk` FOREIGN KEY (`id`) REFERENCES `cft_elements` (`id`) ON DELETE CASCADE,
	ADD CONSTRAINT `cft_matrixblocks_ownerId_fk` FOREIGN KEY (`ownerId`) REFERENCES `cft_elements` (`id`) ON DELETE CASCADE,
	ADD CONSTRAINT `cft_matrixblocks_ownerLocale_fk` FOREIGN KEY (`ownerLocale`) REFERENCES `cft_locales` (`locale`) ON DELETE CASCADE ON UPDATE CASCADE,
	ADD CONSTRAINT `cft_matrixblocks_typeId_fk` FOREIGN KEY (`typeId`) REFERENCES `cft_matrixblocktypes` (`id`) ON DELETE CASCADE;

--
-- Constraints for table `cft_matrixblocktypes`
--
ALTER TABLE `cft_matrixblocktypes`
	ADD CONSTRAINT `cft_matrixblocktypes_fieldId_fk` FOREIGN KEY (`fieldId`) REFERENCES `cft_fields` (`id`) ON DELETE CASCADE,
	ADD CONSTRAINT `cft_matrixblocktypes_fieldLayoutId_fk` FOREIGN KEY (`fieldLayoutId`) REFERENCES `cft_fieldlayouts` (`id`) ON DELETE SET NULL;

--
-- Constraints for table `cft_matrixcontent_pagebuilder`
--
ALTER TABLE `cft_matrixcontent_pagebuilder`
	ADD CONSTRAINT `cft_matrixcontent_pagebuilder_elementId_fk` FOREIGN KEY (`elementId`) REFERENCES `cft_elements` (`id`) ON DELETE CASCADE,
	ADD CONSTRAINT `cft_matrixcontent_pagebuilder_locale_fk` FOREIGN KEY (`locale`) REFERENCES `cft_locales` (`locale`) ON DELETE CASCADE ON UPDATE CASCADE;

--
-- Constraints for table `cft_migrations`
--
ALTER TABLE `cft_migrations`
	ADD CONSTRAINT `cft_migrations_pluginId_fk` FOREIGN KEY (`pluginId`) REFERENCES `cft_plugins` (`id`) ON DELETE CASCADE;

--
-- Constraints for table `cft_relations`
--
ALTER TABLE `cft_relations`
	ADD CONSTRAINT `cft_relations_fieldId_fk` FOREIGN KEY (`fieldId`) REFERENCES `cft_fields` (`id`) ON DELETE CASCADE,
	ADD CONSTRAINT `cft_relations_sourceId_fk` FOREIGN KEY (`sourceId`) REFERENCES `cft_elements` (`id`) ON DELETE CASCADE,
	ADD CONSTRAINT `cft_relations_sourceLocale_fk` FOREIGN KEY (`sourceLocale`) REFERENCES `cft_locales` (`locale`) ON DELETE CASCADE ON UPDATE CASCADE,
	ADD CONSTRAINT `cft_relations_targetId_fk` FOREIGN KEY (`targetId`) REFERENCES `cft_elements` (`id`) ON DELETE CASCADE;

--
-- Constraints for table `cft_routes`
--
ALTER TABLE `cft_routes`
	ADD CONSTRAINT `cft_routes_locale_fk` FOREIGN KEY (`locale`) REFERENCES `cft_locales` (`locale`) ON DELETE CASCADE ON UPDATE CASCADE;

--
-- Constraints for table `cft_sections`
--
ALTER TABLE `cft_sections`
	ADD CONSTRAINT `cft_sections_structureId_fk` FOREIGN KEY (`structureId`) REFERENCES `cft_structures` (`id`) ON DELETE SET NULL;

--
-- Constraints for table `cft_sections_i18n`
--
ALTER TABLE `cft_sections_i18n`
	ADD CONSTRAINT `cft_sections_i18n_locale_fk` FOREIGN KEY (`locale`) REFERENCES `cft_locales` (`locale`) ON DELETE CASCADE ON UPDATE CASCADE,
	ADD CONSTRAINT `cft_sections_i18n_sectionId_fk` FOREIGN KEY (`sectionId`) REFERENCES `cft_sections` (`id`) ON DELETE CASCADE;

--
-- Constraints for table `cft_sessions`
--
ALTER TABLE `cft_sessions`
	ADD CONSTRAINT `cft_sessions_userId_fk` FOREIGN KEY (`userId`) REFERENCES `cft_users` (`id`) ON DELETE CASCADE;

--
-- Constraints for table `cft_shunnedmessages`
--
ALTER TABLE `cft_shunnedmessages`
	ADD CONSTRAINT `cft_shunnedmessages_userId_fk` FOREIGN KEY (`userId`) REFERENCES `cft_users` (`id`) ON DELETE CASCADE;

--
-- Constraints for table `cft_structureelements`
--
ALTER TABLE `cft_structureelements`
	ADD CONSTRAINT `cft_structureelements_elementId_fk` FOREIGN KEY (`elementId`) REFERENCES `cft_elements` (`id`) ON DELETE CASCADE,
	ADD CONSTRAINT `cft_structureelements_structureId_fk` FOREIGN KEY (`structureId`) REFERENCES `cft_structures` (`id`) ON DELETE CASCADE;

--
-- Constraints for table `cft_taggroups`
--
ALTER TABLE `cft_taggroups`
	ADD CONSTRAINT `cft_taggroups_fieldLayoutId_fk` FOREIGN KEY (`fieldLayoutId`) REFERENCES `cft_fieldlayouts` (`id`) ON DELETE SET NULL;

--
-- Constraints for table `cft_tags`
--
ALTER TABLE `cft_tags`
	ADD CONSTRAINT `cft_tags_groupId_fk` FOREIGN KEY (`groupId`) REFERENCES `cft_taggroups` (`id`) ON DELETE CASCADE,
	ADD CONSTRAINT `cft_tags_id_fk` FOREIGN KEY (`id`) REFERENCES `cft_elements` (`id`) ON DELETE CASCADE;

--
-- Constraints for table `cft_templatecachecriteria`
--
ALTER TABLE `cft_templatecachecriteria`
	ADD CONSTRAINT `cft_templatecachecriteria_cacheId_fk` FOREIGN KEY (`cacheId`) REFERENCES `cft_templatecaches` (`id`) ON DELETE CASCADE;

--
-- Constraints for table `cft_templatecacheelements`
--
ALTER TABLE `cft_templatecacheelements`
	ADD CONSTRAINT `cft_templatecacheelements_cacheId_fk` FOREIGN KEY (`cacheId`) REFERENCES `cft_templatecaches` (`id`) ON DELETE CASCADE,
	ADD CONSTRAINT `cft_templatecacheelements_elementId_fk` FOREIGN KEY (`elementId`) REFERENCES `cft_elements` (`id`) ON DELETE CASCADE;

--
-- Constraints for table `cft_templatecaches`
--
ALTER TABLE `cft_templatecaches`
	ADD CONSTRAINT `cft_templatecaches_locale_fk` FOREIGN KEY (`locale`) REFERENCES `cft_locales` (`locale`) ON DELETE CASCADE ON UPDATE CASCADE;

--
-- Constraints for table `cft_usergroups_users`
--
ALTER TABLE `cft_usergroups_users`
	ADD CONSTRAINT `cft_usergroups_users_groupId_fk` FOREIGN KEY (`groupId`) REFERENCES `cft_usergroups` (`id`) ON DELETE CASCADE,
	ADD CONSTRAINT `cft_usergroups_users_userId_fk` FOREIGN KEY (`userId`) REFERENCES `cft_users` (`id`) ON DELETE CASCADE;

--
-- Constraints for table `cft_userpermissions_usergroups`
--
ALTER TABLE `cft_userpermissions_usergroups`
	ADD CONSTRAINT `cft_userpermissions_usergroups_groupId_fk` FOREIGN KEY (`groupId`) REFERENCES `cft_usergroups` (`id`) ON DELETE CASCADE,
	ADD CONSTRAINT `cft_userpermissions_usergroups_permissionId_fk` FOREIGN KEY (`permissionId`) REFERENCES `cft_userpermissions` (`id`) ON DELETE CASCADE;

--
-- Constraints for table `cft_userpermissions_users`
--
ALTER TABLE `cft_userpermissions_users`
	ADD CONSTRAINT `cft_userpermissions_users_permissionId_fk` FOREIGN KEY (`permissionId`) REFERENCES `cft_userpermissions` (`id`) ON DELETE CASCADE,
	ADD CONSTRAINT `cft_userpermissions_users_userId_fk` FOREIGN KEY (`userId`) REFERENCES `cft_users` (`id`) ON DELETE CASCADE;

--
-- Constraints for table `cft_users`
--
ALTER TABLE `cft_users`
	ADD CONSTRAINT `cft_users_id_fk` FOREIGN KEY (`id`) REFERENCES `cft_elements` (`id`) ON DELETE CASCADE,
	ADD CONSTRAINT `cft_users_preferredLocale_fk` FOREIGN KEY (`preferredLocale`) REFERENCES `cft_locales` (`locale`) ON DELETE SET NULL ON UPDATE CASCADE;

--
-- Constraints for table `cft_widgets`
--
ALTER TABLE `cft_widgets`
	ADD CONSTRAINT `cft_widgets_userId_fk` FOREIGN KEY (`userId`) REFERENCES `cft_users` (`id`) ON DELETE CASCADE;

SET FOREIGN_KEY_CHECKS = 1;
